session_id,app_name,app_category,previous_app,timestamp,hour_of_day,day_of_week,is_weekend,session_duration_sec,session_duration_hms,cpu_usage_pct,ram_usage_mb,network_usage_mb,battery_drain_pct,is_anomaly,date,session_duration_min,day_part,session_duration_sec_outlier,cpu_usage_pct_outlier,ram_usage_mb_outlier,network_usage_mb_outlier,battery_drain_pct_outlier,previous_to_current_probability
20,Word,Productivity,NONE,2024-01-01 08:00:00,8,Monday,0,5195,1:26:35,6.2,202.7,4.3,0.42,0,2024-01-01,86,morning,0,0,0,0,0,1.0
26,Notion,Productivity,Word,2024-01-01 09:30:00,9,Monday,0,1694,0:28:14,6.2,368.5,0.8,0.21,0,2024-01-01,28,morning,0,0,0,0,0,0.25
1,Slack,Communication,Notion,2024-01-01 10:02:00,10,Monday,0,6780,1:53:00,8.8,233.9,81.1,2.9,0,2024-01-01,113,morning,0,0,0,0,0,0.17647058823529413
20,Notion,Productivity,Slack,2024-01-01 11:57:00,11,Monday,0,4861,1:21:01,11.8,378.9,2.7,1.48,0,2024-01-01,81,morning,0,0,0,0,0,0.22448979591836735
34,Slack,Communication,Notion,2024-01-01 13:22:00,13,Monday,0,1851,0:30:51,5.6,299.1,112.8,1.4,0,2024-01-01,30,afternoon,0,0,0,0,0,0.17647058823529413
27,Notion,Productivity,Slack,2024-01-01 13:54:00,13,Monday,0,1494,0:24:54,6.2,329.3,3.5,0.58,0,2024-01-01,24,afternoon,0,0,0,0,0,0.22448979591836735
12,VS Code,Development,Notion,2024-01-01 14:24:00,14,Monday,0,2705,0:45:05,18.5,345.5,4.3,0.64,0,2024-01-01,45,afternoon,0,0,0,0,0,0.2549019607843137
33,Terminal,Development,VS Code,2024-01-01 15:13:00,15,Monday,0,1514,0:25:14,15.2,42.3,4.2,2.06,0,2024-01-01,25,afternoon,0,0,0,0,0,0.14035087719298245
9,Steam,Entertainment,Terminal,2024-01-01 15:42:00,15,Monday,0,3231,0:53:51,8.1,424.4,35.5,1.41,0,2024-01-01,53,afternoon,0,0,0,0,0,0.04
15,Discord,Communication,Steam,2024-01-01 16:41:00,16,Monday,0,6798,1:53:18,2.9,185.9,6.4,4.81,0,2024-01-01,113,afternoon,0,0,0,0,0,0.16666666666666666
4,VLC,Entertainment,Discord,2024-01-01 18:37:00,18,Monday,0,436,0:07:16,15.5,83.3,1.8,2.94,0,2024-01-01,7,evening,0,0,0,0,0,0.04
37,Spotify,Entertainment,VLC,2024-01-01 18:48:00,18,Monday,0,3995,1:06:35,7.4,182.4,82.9,0.76,0,2024-01-01,66,evening,0,0,0,0,0,0.5
42,File Explorer,System,Spotify,2024-01-01 19:59:00,19,Monday,0,2791,0:46:31,4.8,71.1,0.8,3.24,0,2024-01-01,46,evening,0,0,0,0,0,0.09090909090909091
47,VS Code,Development,File Explorer,2024-01-01 20:50:00,20,Monday,0,5159,1:25:59,11.5,356.3,1.3,1.94,0,2024-01-01,85,evening,0,0,0,0,0,0.5714285714285714
43,Task Manager,System,VS Code,2024-01-01 22:17:00,22,Monday,0,1160,0:19:20,2.6,35.9,1.2,0.97,0,2024-01-01,19,evening,0,0,0,0,0,0.017543859649122806
26,Chrome,Browser,Task Manager,2024-01-01 22:38:00,22,Monday,0,2656,0:44:16,9.3,1071.9,20.9,3.99,0,2024-01-01,44,evening,0,0,1,0,0,0.6
44,VS Code,Development,Chrome,2024-01-01 23:26:00,23,Monday,0,3962,1:06:02,9.3,416.1,2.8,4.05,0,2024-01-01,66,evening,0,0,0,0,0,0.15
44,Slack,Communication,VS Code,2024-01-02 00:35:00,0,Tuesday,0,4694,1:18:14,2.4,266.3,37.1,1.11,0,2024-01-02,78,night,0,0,0,0,0,0.14035087719298245
6,Spotify,Entertainment,Slack,2024-01-02 01:54:00,1,Tuesday,0,776,0:12:56,2.4,139.9,114.1,1.43,0,2024-01-02,12,night,0,0,0,0,0,0.02040816326530612
31,Chrome,Browser,Spotify,2024-01-02 02:09:00,2,Tuesday,0,2023,0:33:43,19.6,847.6,45.3,0.54,0,2024-01-02,33,night,0,0,0,0,0,0.09090909090909091
45,Figma,Design,Chrome,2024-01-02 02:45:00,2,Tuesday,0,3457,0:57:37,31.1,508.4,1.9,0.34,0,2024-01-02,57,night,0,0,0,0,0,0.0375
40,Notion,Productivity,Figma,2024-01-02 03:45:00,3,Tuesday,0,1092,0:18:12,8.2,283.0,2.3,1.75,0,2024-01-02,18,night,0,0,0,0,0,0.16666666666666666
17,Discord,Communication,Notion,2024-01-02 04:07:00,4,Tuesday,0,5138,1:25:38,2.1,161.5,108.2,3.02,0,2024-01-02,85,night,0,0,0,0,0,0.0196078431372549
18,Figma,Design,Discord,2024-01-02 05:34:00,5,Tuesday,0,3805,1:03:25,20.7,343.7,3.4,0.56,0,2024-01-02,63,night,0,0,0,0,0,0.08
27,Photoshop,Design,Figma,2024-01-02 06:40:00,6,Tuesday,0,4187,1:09:47,55.7,1502.5,2.0,2.12,0,2024-01-02,69,morning,0,1,1,0,0,0.16666666666666666
14,Chrome,Browser,Photoshop,2024-01-02 07:52:00,7,Tuesday,0,3356,0:55:56,33.7,602.5,112.8,1.85,0,2024-01-02,55,morning,0,0,0,0,0,0.8
32,Terminal,Development,Chrome,2024-01-02 08:49:00,8,Tuesday,0,1798,0:29:58,23.5,36.8,3.0,4.22,0,2024-01-02,29,morning,0,0,0,0,0,0.025
48,PyCharm,Development,Terminal,2024-01-02 09:23:00,9,Tuesday,0,4998,1:23:18,8.8,733.6,4.8,2.34,0,2024-01-02,83,morning,0,0,0,0,0,0.32
3,Terminal,Development,PyCharm,2024-01-02 10:48:00,10,Tuesday,0,2717,0:45:17,13.2,93.7,0.1,3.95,0,2024-01-02,45,morning,0,0,0,0,0,0.15384615384615385
6,Chrome,Browser,Terminal,2024-01-02 11:38:00,11,Tuesday,0,437,0:07:17,31.9,901.2,79.7,2.63,0,2024-01-02,7,morning,0,0,1,0,0,0.2
15,VS Code,Development,Chrome,2024-01-02 11:46:00,11,Tuesday,0,1639,0:27:19,13.6,230.4,3.9,0.84,0,2024-01-02,27,morning,0,0,0,0,0,0.15
15,Notepad,Productivity,VS Code,2024-01-02 12:14:00,12,Tuesday,0,5715,1:35:15,2.5,14.4,3.3,1.21,0,2024-01-02,95,afternoon,0,0,0,0,0,0.017543859649122806
11,VS Code,Development,Notepad,2024-01-02 13:54:00,13,Tuesday,0,6213,1:43:33,13.2,402.1,2.8,0.54,0,2024-01-02,103,afternoon,0,0,0,0,0,0.3333333333333333
40,Postman,Development,VS Code,2024-01-02 15:41:00,15,Tuesday,0,3892,1:04:52,7.3,233.7,3.9,3.41,0,2024-01-02,64,afternoon,0,0,0,0,0,0.22807017543859648
34,Terminal,Development,Postman,2024-01-02 16:49:00,16,Tuesday,0,3291,0:54:51,15.3,99.9,4.9,4.66,0,2024-01-02,54,afternoon,0,0,0,0,0,0.2903225806451613
27,Postman,Development,Terminal,2024-01-02 17:47:00,17,Tuesday,0,4211,1:10:11,14.9,228.1,1.9,4.99,0,2024-01-02,70,afternoon,0,0,0,0,0,0.24
21,Discord,Communication,Postman,2024-01-02 18:58:00,18,Tuesday,0,1646,0:27:26,3.8,282.9,105.4,0.37,0,2024-01-02,27,evening,0,0,0,0,0,0.03225806451612903
40,Steam,Entertainment,Discord,2024-01-02 19:27:00,19,Tuesday,0,6784,1:53:04,8.8,562.3,36.0,0.38,0,2024-01-02,113,evening,0,0,0,0,0,0.12
27,OBS Studio,Entertainment,Steam,2024-01-02 21:21:00,21,Tuesday,0,5949,1:39:09,21.2,789.0,1.8,1.08,0,2024-01-02,99,evening,0,0,0,0,0,0.25
24,Steam,Entertainment,OBS Studio,2024-01-02 23:03:00,23,Tuesday,0,6543,1:49:03,17.9,309.1,26.8,1.06,0,2024-01-02,109,evening,0,0,0,0,0,0.42857142857142855
3,Chrome,Browser,Steam,2024-01-03 00:56:00,0,Wednesday,0,6014,1:40:14,10.7,771.1,38.3,3.25,0,2024-01-03,100,night,0,0,0,0,0,0.3333333333333333
46,VS Code,Development,Chrome,2024-01-03 02:39:00,2,Wednesday,0,4813,1:20:13,21.7,312.4,0.9,3.3,0,2024-01-03,80,night,0,0,0,0,0,0.15
22,Slack,Communication,VS Code,2024-01-03 04:04:00,4,Wednesday,0,2288,0:38:08,6.7,290.3,87.0,4.29,0,2024-01-03,38,night,0,0,0,0,0,0.14035087719298245
22,VS Code,Development,Slack,2024-01-03 04:43:00,4,Wednesday,0,5475,1:31:15,22.4,312.2,3.7,1.56,0,2024-01-03,91,night,0,0,0,0,0,0.10204081632653061
23,PyCharm,Development,VS Code,2024-01-03 06:18:00,6,Wednesday,0,4662,1:17:42,26.3,734.2,2.8,1.76,0,2024-01-03,77,morning,0,0,0,0,0,0.14035087719298245
29,Excel,Productivity,PyCharm,2024-01-03 07:40:00,7,Wednesday,0,2821,0:47:01,10.8,377.5,2.8,3.86,0,2024-01-03,47,morning,0,0,0,0,0,0.038461538461538464
22,Slack,Communication,Excel,2024-01-03 08:31:00,8,Wednesday,0,4868,1:21:08,11.7,193.5,108.1,1.63,0,2024-01-03,81,morning,0,0,0,0,0,0.15384615384615385
33,VS Code,Development,Slack,2024-01-03 09:57:00,9,Wednesday,0,4875,1:21:15,8.7,308.6,0.8,1.46,0,2024-01-03,81,morning,0,0,0,0,0,0.10204081632653061
14,Excel,Productivity,VS Code,2024-01-03 11:19:00,11,Wednesday,0,5663,1:34:23,22.6,163.9,1.4,1.97,0,2024-01-03,94,morning,0,0,0,0,0,0.03508771929824561
50,Word,Productivity,Excel,2024-01-03 12:55:00,12,Wednesday,0,2717,0:45:17,3.1,166.6,4.4,3.35,0,2024-01-03,45,afternoon,0,0,0,0,0,0.358974358974359
31,Notion,Productivity,Word,2024-01-03 13:42:00,13,Wednesday,0,5662,1:34:22,3.3,287.3,3.8,0.32,0,2024-01-03,94,afternoon,0,0,0,0,0,0.25
32,Chrome,Browser,Notion,2024-01-03 15:18:00,15,Wednesday,0,2760,0:46:00,13.5,818.1,78.0,3.59,0,2024-01-03,46,afternoon,0,0,0,0,0,0.19607843137254902
30,VS Code,Development,Chrome,2024-01-03 16:07:00,16,Wednesday,0,4344,1:12:24,9.9,371.5,4.5,0.75,0,2024-01-03,72,afternoon,0,0,0,0,0,0.15
30,Terminal,Development,VS Code,2024-01-03 17:20:00,17,Wednesday,0,6130,1:42:10,22.3,109.8,4.1,1.13,0,2024-01-03,102,afternoon,0,0,0,0,0,0.14035087719298245
38,Postman,Development,Terminal,2024-01-03 19:04:00,19,Wednesday,0,3775,1:02:55,11.4,190.4,4.9,2.97,0,2024-01-03,62,evening,0,0,0,0,0,0.24
24,VS Code,Development,Postman,2024-01-03 20:07:00,20,Wednesday,0,4988,1:23:08,14.3,249.3,0.6,2.25,0,2024-01-03,83,evening,0,0,0,0,0,0.22580645161290322
29,Postman,Development,VS Code,2024-01-03 21:32:00,21,Wednesday,0,5999,1:39:59,11.4,197.1,3.6,0.4,0,2024-01-03,99,evening,0,0,0,0,0,0.22807017543859648
43,Terminal,Development,Postman,2024-01-03 23:16:00,23,Wednesday,0,2286,0:38:06,24.8,44.2,1.4,1.65,0,2024-01-03,38,evening,0,0,0,0,0,0.2903225806451613
29,PyCharm,Development,Terminal,2024-01-03 23:57:00,23,Wednesday,0,6324,1:45:24,33.8,586.6,4.8,1.11,0,2024-01-03,105,evening,0,0,0,0,0,0.32
14,Chrome,Browser,PyCharm,2024-01-04 01:44:00,1,Thursday,0,3377,0:56:17,10.8,791.2,92.0,2.04,0,2024-01-04,56,night,0,0,0,0,0,0.15384615384615385
25,Notion,Productivity,Chrome,2024-01-04 02:42:00,2,Thursday,0,3520,0:58:40,7.6,269.8,2.1,3.36,0,2024-01-04,58,night,0,0,0,0,0,0.175
35,Word,Productivity,Notion,2024-01-04 03:45:00,3,Thursday,0,4690,1:18:10,6.4,252.2,3.2,4.55,0,2024-01-04,78,night,0,0,0,0,0,0.23529411764705882
48,Notion,Productivity,Word,2024-01-04 05:08:00,5,Thursday,0,4238,1:10:38,6.6,339.4,4.3,0.57,0,2024-01-04,70,night,0,0,0,0,0,0.25
43,Slack,Communication,Notion,2024-01-04 06:23:00,6,Thursday,0,1662,0:27:42,7.6,325.7,89.5,1.86,0,2024-01-04,27,morning,0,0,0,0,0,0.17647058823529413
45,Notion,Productivity,Slack,2024-01-04 06:53:00,6,Thursday,0,6841,1:54:01,8.2,184.1,3.0,1.05,0,2024-01-04,114,morning,0,0,0,0,0,0.22448979591836735
37,Word,Productivity,Notion,2024-01-04 08:50:00,8,Thursday,0,1308,0:21:48,13.1,187.1,1.5,0.25,0,2024-01-04,21,morning,0,0,0,0,0,0.23529411764705882
18,Excel,Productivity,Word,2024-01-04 09:14:00,9,Thursday,0,745,0:12:25,27.9,365.4,3.8,2.04,0,2024-01-04,12,morning,0,0,0,0,0,0.2777777777777778
6,Notion,Productivity,Excel,2024-01-04 09:27:00,9,Thursday,0,4221,1:10:21,7.2,319.1,0.8,2.57,0,2024-01-04,70,morning,0,0,0,0,0,0.1794871794871795
23,VS Code,Development,Notion,2024-01-04 10:42:00,10,Thursday,0,3491,0:58:11,22.0,321.4,2.2,4.85,0,2024-01-04,58,morning,0,0,0,0,0,0.2549019607843137
7,PyCharm,Development,VS Code,2024-01-04 11:43:00,11,Thursday,0,6508,1:48:28,26.5,624.7,0.3,1.26,0,2024-01-04,108,morning,0,0,0,0,0,0.14035087719298245
43,Postman,Development,PyCharm,2024-01-04 13:33:00,13,Thursday,0,1392,0:23:12,5.4,262.9,1.3,2.62,0,2024-01-04,23,afternoon,0,0,0,0,0,0.38461538461538464
12,Terminal,Development,Postman,2024-01-04 14:00:00,14,Thursday,0,6219,1:43:39,37.6,46.0,2.9,3.26,0,2024-01-04,103,afternoon,0,0,0,0,0,0.2903225806451613
50,PyCharm,Development,Terminal,2024-01-04 15:45:00,15,Thursday,0,1206,0:20:06,19.9,452.6,2.7,3.26,0,2024-01-04,20,afternoon,0,0,0,0,0,0.32
8,Postman,Development,PyCharm,2024-01-04 16:09:00,16,Thursday,0,4551,1:15:51,3.3,263.5,1.5,1.32,0,2024-01-04,75,afternoon,0,0,0,0,0,0.38461538461538464
34,Terminal,Development,Postman,2024-01-04 17:26:00,17,Thursday,0,1476,0:24:36,15.6,38.6,0.7,3.92,0,2024-01-04,24,afternoon,0,0,0,0,0,0.2903225806451613
18,PyCharm,Development,Terminal,2024-01-04 17:52:00,17,Thursday,0,4570,1:16:10,17.2,478.5,2.3,2.28,0,2024-01-04,76,afternoon,0,0,0,0,0,0.32
24,Postman,Development,PyCharm,2024-01-04 19:11:00,19,Thursday,0,4732,1:18:52,6.6,241.1,4.8,1.58,0,2024-01-04,78,evening,0,0,0,0,0,0.38461538461538464
33,Chrome,Browser,Postman,2024-01-04 20:31:00,20,Thursday,0,4407,1:13:27,26.7,1170.5,2.9,4.54,0,2024-01-04,73,evening,0,0,1,0,0,0.22580645161290322
9,Notion,Productivity,Chrome,2024-01-04 21:49:00,21,Thursday,0,2846,0:47:26,11.9,249.8,1.3,1.29,0,2024-01-04,47,evening,0,0,0,0,0,0.175
20,Chrome,Browser,Notion,2024-01-04 22:39:00,22,Thursday,0,4275,1:11:15,29.4,833.7,94.9,0.15,0,2024-01-04,71,evening,0,0,0,0,0,0.19607843137254902
10,Excel,Productivity,Chrome,2024-01-04 23:53:00,23,Thursday,0,1779,0:29:39,5.8,138.7,4.2,4.21,0,2024-01-04,29,evening,0,0,0,0,0,0.1875
20,Word,Productivity,Excel,2024-01-05 00:26:00,0,Friday,0,3980,1:06:20,10.4,160.4,3.9,2.08,0,2024-01-05,66,night,0,0,0,0,0,0.358974358974359
40,Figma,Design,Word,2024-01-05 01:35:00,1,Friday,0,7117,1:58:37,12.5,539.7,5.0,0.99,0,2024-01-05,118,night,0,0,0,0,0,0.027777777777777776
18,Slack,Communication,Figma,2024-01-05 03:35:00,3,Friday,0,4186,1:09:46,4.8,241.5,57.2,3.42,0,2024-01-05,69,night,0,0,0,0,0,0.3333333333333333
12,PyCharm,Development,Slack,2024-01-05 04:46:00,4,Friday,0,4477,1:14:37,33.9,676.6,1.4,3.07,0,2024-01-05,74,night,0,0,0,0,0,0.02040816326530612
35,Notepad,Productivity,PyCharm,2024-01-05 06:03:00,6,Friday,0,4492,1:14:52,3.0,20.0,4.8,2.15,0,2024-01-05,74,morning,0,0,0,0,0,0.038461538461538464
12,Chrome,Browser,Notepad,2024-01-05 07:18:00,7,Friday,0,5667,1:34:27,33.5,887.8,115.7,4.63,0,2024-01-05,94,morning,0,0,1,0,0,0.6666666666666666
44,Excel,Productivity,Chrome,2024-01-05 08:54:00,8,Friday,0,4337,1:12:17,15.4,186.8,3.0,2.31,0,2024-01-05,72,morning,0,0,0,0,0,0.1875
44,Notion,Productivity,Excel,2024-01-05 10:10:00,10,Friday,0,1405,0:23:25,8.6,215.5,2.1,3.03,0,2024-01-05,23,morning,0,0,0,0,0,0.1794871794871795
39,VS Code,Development,Notion,2024-01-05 10:36:00,10,Friday,0,5880,1:38:00,11.9,264.5,3.9,3.86,0,2024-01-05,98,morning,0,0,0,0,0,0.2549019607843137
31,PyCharm,Development,VS Code,2024-01-05 12:14:00,12,Friday,0,3352,0:55:52,34.8,482.9,1.5,0.78,0,2024-01-05,55,afternoon,0,0,0,0,0,0.14035087719298245
18,Postman,Development,PyCharm,2024-01-05 13:15:00,13,Friday,0,114,0:01:54,6.2,205.3,3.4,3.24,0,2024-01-05,1,afternoon,0,0,0,0,0,0.38461538461538464
7,Terminal,Development,Postman,2024-01-05 13:19:00,13,Friday,0,3859,1:04:19,23.6,52.4,2.8,0.92,0,2024-01-05,64,afternoon,0,0,0,0,0,0.2903225806451613
34,PyCharm,Development,Terminal,2024-01-05 14:27:00,14,Friday,0,6481,1:48:01,26.1,679.7,2.9,2.95,0,2024-01-05,108,afternoon,0,0,0,0,0,0.32
46,VS Code,Development,PyCharm,2024-01-05 16:17:00,16,Friday,0,3236,0:53:56,16.8,356.6,1.2,4.84,0,2024-01-05,53,afternoon,0,0,0,0,0,0.07692307692307693
50,Terminal,Development,VS Code,2024-01-05 17:16:00,17,Friday,0,3245,0:54:05,16.2,60.0,2.4,2.61,0,2024-01-05,54,afternoon,0,0,0,0,0,0.14035087719298245
35,Chrome,Browser,Terminal,2024-01-05 18:10:00,18,Friday,0,2652,0:44:12,12.9,671.7,103.8,3.81,0,2024-01-05,44,evening,0,0,0,0,0,0.2
22,Notion,Productivity,Chrome,2024-01-05 18:57:00,18,Friday,0,2377,0:39:37,9.3,322.0,2.9,2.02,0,2024-01-05,39,evening,0,0,0,0,0,0.175
31,Slack,Communication,Notion,2024-01-05 19:39:00,19,Friday,0,2892,0:48:12,7.8,291.0,116.2,3.6,0,2024-01-05,48,evening,0,0,0,0,0,0.17647058823529413
39,Chrome,Browser,Slack,2024-01-05 20:31:00,20,Friday,0,3790,1:03:10,16.9,718.0,123.7,0.95,0,2024-01-05,63,evening,0,0,0,0,0,0.20408163265306123
3,Excel,Productivity,Chrome,2024-01-05 21:36:00,21,Friday,0,1390,0:23:10,9.3,153.9,0.6,2.13,0,2024-01-05,23,evening,0,0,0,0,0,0.1875
45,Notion,Productivity,Excel,2024-01-05 22:01:00,22,Friday,0,4333,1:12:13,10.2,367.9,4.5,3.0,0,2024-01-05,72,evening,0,0,0,0,0,0.1794871794871795
38,VS Code,Development,Notion,2024-01-05 23:17:00,23,Friday,0,1293,0:21:33,11.5,258.9,4.5,0.64,0,2024-01-05,21,evening,0,0,0,0,0,0.2549019607843137
44,Figma,Design,VS Code,2024-01-05 23:44:00,23,Friday,0,1131,0:18:51,36.8,544.3,4.4,4.49,0,2024-01-05,18,evening,0,0,0,0,0,0.05263157894736842
15,Notion,Productivity,Figma,2024-01-06 00:05:00,0,Saturday,1,6991,1:56:31,9.2,281.9,2.3,1.45,0,2024-01-06,116,night,0,0,0,0,0,0.16666666666666666
8,Slack,Communication,Notion,2024-01-06 02:07:00,2,Saturday,1,3562,0:59:22,4.8,273.5,49.1,0.61,0,2024-01-06,59,night,0,0,0,0,0,0.17647058823529413
3,Notion,Productivity,Slack,2024-01-06 03:08:00,3,Saturday,1,438,0:07:18,3.9,348.1,3.4,4.03,0,2024-01-06,7,night,0,0,0,0,0,0.22448979591836735
14,PyCharm,Development,Notion,2024-01-06 03:18:00,3,Saturday,1,3368,0:56:08,20.5,434.1,0.3,3.94,0,2024-01-06,56,night,0,0,0,0,0,0.0196078431372549
35,Postman,Development,PyCharm,2024-01-06 04:17:00,4,Saturday,1,2940,0:49:00,10.5,199.6,0.5,2.2,0,2024-01-06,49,night,0,0,0,0,0,0.38461538461538464
4,Chrome,Browser,Postman,2024-01-06 05:08:00,5,Saturday,1,6968,1:56:08,22.2,1104.9,81.6,3.68,0,2024-01-06,116,night,0,0,1,0,0,0.22580645161290322
48,Excel,Productivity,Chrome,2024-01-06 07:05:00,7,Saturday,1,6803,1:53:23,10.1,161.7,3.2,3.42,0,2024-01-06,113,morning,0,0,0,0,0,0.1875
36,Chrome,Browser,Excel,2024-01-06 09:01:00,9,Saturday,1,2654,0:44:14,29.2,946.4,52.8,1.79,0,2024-01-06,44,morning,0,0,1,0,0,0.23076923076923078
17,Notion,Productivity,Chrome,2024-01-06 09:46:00,9,Saturday,1,3599,0:59:59,7.3,289.6,0.7,4.19,0,2024-01-06,59,morning,0,0,0,0,0,0.175
26,Word,Productivity,Notion,2024-01-06 10:50:00,10,Saturday,1,6136,1:42:16,15.7,288.2,0.7,0.62,0,2024-01-06,102,morning,0,0,0,0,0,0.23529411764705882
46,PyCharm,Development,Word,2024-01-06 12:34:00,12,Saturday,1,5388,1:29:48,21.2,566.4,0.3,4.76,0,2024-01-06,89,afternoon,0,0,0,0,0,0.05555555555555555
10,OBS Studio,Entertainment,PyCharm,2024-01-06 14:05:00,14,Saturday,1,1671,0:27:51,63.3,441.2,0.8,2.5,1,2024-01-06,27,afternoon,0,1,0,0,0,0.07692307692307693
9,PyCharm,Development,OBS Studio,2024-01-06 14:37:00,14,Saturday,1,1370,0:22:50,27.6,883.8,1.9,4.94,0,2024-01-06,22,afternoon,0,0,1,0,0,0.14285714285714285
24,Postman,Development,PyCharm,2024-01-06 15:01:00,15,Saturday,1,4076,1:07:56,11.6,194.3,0.2,4.94,0,2024-01-06,67,afternoon,0,0,0,0,0,0.38461538461538464
32,Chrome,Browser,Postman,2024-01-06 16:11:00,16,Saturday,1,4312,1:11:52,20.6,727.5,0.2,4.47,0,2024-01-06,71,afternoon,0,0,0,0,0,0.22580645161290322
26,Slack,Communication,Chrome,2024-01-06 17:28:00,17,Saturday,1,5493,1:31:33,11.6,278.0,56.4,0.9,0,2024-01-06,91,afternoon,0,0,0,0,0,0.1375
4,Zoom,Communication,Slack,2024-01-06 19:02:00,19,Saturday,1,1539,0:25:39,52.7,412.7,72.8,4.67,0,2024-01-06,25,evening,0,1,0,0,0,0.14285714285714285
27,Word,Productivity,Zoom,2024-01-06 19:29:00,19,Saturday,1,2055,0:34:15,6.8,187.9,2.9,0.21,0,2024-01-06,34,evening,0,0,0,0,0,0.4166666666666667
39,Excel,Productivity,Word,2024-01-06 20:08:00,20,Saturday,1,3413,0:56:53,16.2,331.5,3.0,0.79,0,2024-01-06,56,evening,0,0,0,0,0,0.2777777777777778
17,Chrome,Browser,Excel,2024-01-06 21:06:00,21,Saturday,1,152,0:02:32,10.6,1043.9,148.8,4.07,0,2024-01-06,2,evening,0,0,1,1,0,0.23076923076923078
26,Figma,Design,Chrome,2024-01-06 21:13:00,21,Saturday,1,6498,1:48:18,36.0,365.8,3.8,2.02,0,2024-01-06,108,evening,0,0,0,0,0,0.0375
16,PyCharm,Development,Figma,2024-01-06 23:04:00,23,Saturday,1,410,0:06:50,21.7,892.0,4.1,3.32,0,2024-01-06,6,evening,0,0,1,0,0,0.16666666666666666
39,Slack,Communication,PyCharm,2024-01-06 23:11:00,23,Saturday,1,5081,1:24:41,10.8,307.2,48.2,1.9,0,2024-01-06,84,evening,0,0,0,0,0,0.038461538461538464
30,Notion,Productivity,Slack,2024-01-07 00:39:00,0,Sunday,1,6007,1:40:07,8.2,205.6,1.9,4.58,0,2024-01-07,100,night,0,0,0,0,0,0.22448979591836735
37,Word,Productivity,Notion,2024-01-07 02:21:00,2,Sunday,1,4609,1:16:49,10.3,246.2,2.7,2.24,0,2024-01-07,76,night,0,0,0,0,0,0.23529411764705882
34,Zoom,Communication,Word,2024-01-07 03:42:00,3,Sunday,1,474,0:07:54,16.9,402.9,60.7,1.43,0,2024-01-07,7,night,0,0,0,0,0,0.027777777777777776
44,Slack,Communication,Zoom,2024-01-07 03:51:00,3,Sunday,1,2590,0:43:10,10.1,298.4,118.0,2.93,0,2024-01-07,43,night,0,0,0,0,0,0.08333333333333333
26,Zoom,Communication,Slack,2024-01-07 04:38:00,4,Sunday,1,4800,1:20:00,16.6,380.6,51.1,0.66,0,2024-01-07,80,night,0,0,0,0,0,0.14285714285714285
24,Chrome,Browser,Zoom,2024-01-07 05:58:00,5,Sunday,1,4957,1:22:37,20.5,1016.8,72.0,3.63,0,2024-01-07,82,night,0,0,1,0,0,0.16666666666666666
14,Task Manager,System,Chrome,2024-01-07 07:25:00,7,Sunday,1,1423,0:23:43,3.7,15.3,0.0,2.76,0,2024-01-07,23,morning,0,0,0,0,0,0.0125
17,File Explorer,System,Task Manager,2024-01-07 07:54:00,7,Sunday,1,4873,1:21:13,4.7,21.9,3.8,4.89,0,2024-01-07,81,morning,0,0,0,0,0,0.2
15,PyCharm,Development,File Explorer,2024-01-07 09:20:00,9,Sunday,1,6038,1:40:38,31.3,817.7,0.1,0.15,0,2024-01-07,100,morning,0,0,0,0,0,0.2857142857142857
29,Terminal,Development,PyCharm,2024-01-07 11:01:00,11,Sunday,1,6467,1:47:47,9.8,57.6,4.5,0.58,0,2024-01-07,107,morning,0,0,0,0,0,0.15384615384615385
4,Chrome,Browser,Terminal,2024-01-07 12:52:00,12,Sunday,1,4082,1:08:02,29.8,819.5,89.7,4.38,0,2024-01-07,68,afternoon,0,0,0,0,0,0.2
9,Notion,Productivity,Chrome,2024-01-07 14:05:00,14,Sunday,1,2383,0:39:43,4.5,333.4,3.6,3.91,0,2024-01-07,39,afternoon,0,0,0,0,0,0.175
7,VS Code,Development,Notion,2024-01-07 14:48:00,14,Sunday,1,3706,1:01:46,5.3,260.2,1.6,1.89,0,2024-01-07,61,afternoon,0,0,0,0,0,0.2549019607843137
50,Steam,Entertainment,VS Code,2024-01-07 15:53:00,15,Sunday,1,6126,1:42:06,15.5,541.9,105.7,2.28,0,2024-01-07,102,afternoon,0,0,0,0,0,0.05263157894736842
16,Chrome,Browser,Steam,2024-01-07 17:37:00,17,Sunday,1,284,0:04:44,11.8,818.0,6.6,3.15,0,2024-01-07,4,afternoon,0,0,0,0,0,0.3333333333333333
15,Excel,Productivity,Chrome,2024-01-07 17:45:00,17,Sunday,1,6269,1:44:29,6.0,236.9,3.1,4.31,0,2024-01-07,104,afternoon,0,0,0,0,0,0.1875
42,Word,Productivity,Excel,2024-01-07 19:31:00,19,Sunday,1,7163,1:59:23,5.8,206.2,1.3,0.54,0,2024-01-07,119,evening,0,0,0,0,0,0.358974358974359
45,Chrome,Browser,Word,2024-01-07 21:33:00,21,Sunday,1,5079,1:24:39,33.5,1050.9,82.6,2.35,0,2024-01-07,84,evening,0,0,1,0,0,0.1388888888888889
5,Slack,Communication,Chrome,2024-01-07 23:01:00,23,Sunday,1,2410,0:40:10,10.0,337.0,116.8,2.69,0,2024-01-07,40,evening,0,0,0,0,0,0.1375
8,File Explorer,System,Slack,2024-01-07 23:42:00,23,Sunday,1,3097,0:51:37,1.5,30.3,3.7,0.39,0,2024-01-07,51,evening,0,0,0,0,0,0.04081632653061224
8,Notepad,Productivity,File Explorer,2024-01-08 00:37:00,0,Monday,0,1952,0:32:32,1.8,32.5,1.8,4.2,0,2024-01-08,32,night,0,0,0,0,0,0.14285714285714285
36,Chrome,Browser,Notepad,2024-01-08 01:15:00,1,Monday,0,4709,1:18:29,12.4,889.0,36.6,3.59,0,2024-01-08,78,night,0,0,1,0,0,0.6666666666666666
39,Discord,Communication,Chrome,2024-01-08 02:34:00,2,Monday,0,676,0:11:16,5.1,204.8,15.7,0.13,0,2024-01-08,11,night,0,0,0,0,0,0.1875
11,VS Code,Development,Discord,2024-01-08 02:48:00,2,Monday,0,965,0:16:05,22.0,284.4,0.0,1.65,0,2024-01-08,16,night,0,0,0,0,0,0.24
19,Slack,Communication,VS Code,2024-01-08 03:06:00,3,Monday,0,4429,1:13:49,2.8,322.8,100.4,4.54,0,2024-01-08,73,night,0,0,0,0,0,0.14035087719298245
4,Chrome,Browser,Slack,2024-01-08 04:23:00,4,Monday,0,2609,0:43:29,8.2,483.7,11.9,0.81,0,2024-01-08,43,night,0,0,0,0,0,0.20408163265306123
46,Discord,Communication,Chrome,2024-01-08 05:09:00,5,Monday,0,505,0:08:25,6.7,170.7,69.5,1.48,0,2024-01-08,8,night,0,0,0,0,0,0.1875
18,Spotify,Entertainment,Discord,2024-01-08 05:22:00,5,Monday,0,471,0:07:51,4.3,146.2,28.0,0.76,0,2024-01-08,7,night,0,0,0,0,0,0.24
1,Notion,Productivity,Spotify,2024-01-08 05:33:00,5,Monday,0,3946,1:05:46,9.9,232.3,2.3,3.1,0,2024-01-08,65,night,0,0,0,0,0,0.2727272727272727
32,Chrome,Browser,Notion,2024-01-08 06:42:00,6,Monday,0,4047,1:07:27,20.5,1063.3,67.4,4.52,0,2024-01-08,67,morning,0,0,1,0,0,0.19607843137254902
4,Excel,Productivity,Chrome,2024-01-08 07:54:00,7,Monday,0,416,0:06:56,29.6,324.1,0.3,0.81,0,2024-01-08,6,morning,0,0,0,0,0,0.1875
49,Word,Productivity,Excel,2024-01-08 08:03:00,8,Monday,0,1951,0:32:31,3.2,180.7,4.1,4.58,0,2024-01-08,32,morning,0,0,0,0,0,0.358974358974359
18,PyCharm,Development,Word,2024-01-08 08:38:00,8,Monday,0,5087,1:24:47,30.4,408.3,4.5,4.53,0,2024-01-08,84,morning,0,0,0,0,0,0.05555555555555555
10,VS Code,Development,PyCharm,2024-01-08 10:06:00,10,Monday,0,6581,1:49:41,20.1,326.7,3.1,1.49,0,2024-01-08,109,morning,0,0,0,0,0,0.07692307692307693
10,Postman,Development,VS Code,2024-01-08 11:58:00,11,Monday,0,4834,1:20:34,13.9,270.8,0.4,2.65,0,2024-01-08,80,morning,0,0,0,0,0,0.22807017543859648
14,Task Manager,System,Postman,2024-01-08 13:20:00,13,Monday,0,1965,0:32:45,2.6,15.3,1.8,3.52,0,2024-01-08,32,afternoon,0,0,0,0,0,0.06451612903225806
23,Chrome,Browser,Task Manager,2024-01-08 13:54:00,13,Monday,0,7066,1:57:46,9.3,1096.6,64.8,3.13,0,2024-01-08,117,afternoon,0,0,1,0,0,0.6
40,Slack,Communication,Chrome,2024-01-08 15:56:00,15,Monday,0,168,0:02:48,2.8,312.7,26.7,0.86,0,2024-01-08,2,afternoon,0,0,0,0,0,0.1375
22,Word,Productivity,Slack,2024-01-08 16:02:00,16,Monday,0,1290,0:21:30,16.3,131.5,1.6,2.67,0,2024-01-08,21,afternoon,0,0,0,0,0,0.02040816326530612
46,Excel,Productivity,Word,2024-01-08 16:27:00,16,Monday,0,3069,0:51:09,14.7,202.6,4.8,3.93,0,2024-01-08,51,afternoon,0,0,0,0,0,0.2777777777777778
50,Word,Productivity,Excel,2024-01-08 17:21:00,17,Monday,0,6529,1:48:49,16.0,191.7,2.5,4.95,0,2024-01-08,108,afternoon,0,0,0,0,0,0.358974358974359
27,Chrome,Browser,Word,2024-01-08 19:12:00,19,Monday,0,1620,0:27:00,17.3,439.1,118.9,4.96,0,2024-01-08,27,evening,0,0,0,0,0,0.1388888888888889
26,Slack,Communication,Chrome,2024-01-08 19:42:00,19,Monday,0,2479,0:41:19,5.7,330.3,34.5,0.93,0,2024-01-08,41,evening,0,0,0,0,0,0.1375
4,Notion,Productivity,Slack,2024-01-08 20:26:00,20,Monday,0,1116,0:18:36,5.8,236.8,3.9,2.19,0,2024-01-08,18,evening,0,0,0,0,0,0.22448979591836735
47,Chrome,Browser,Notion,2024-01-08 20:46:00,20,Monday,0,4647,1:17:27,17.8,789.6,53.1,2.84,0,2024-01-08,77,evening,0,0,0,0,0,0.19607843137254902
42,Discord,Communication,Chrome,2024-01-08 22:06:00,22,Monday,0,2213,0:36:53,3.3,217.3,5.3,3.04,0,2024-01-08,36,evening,0,0,0,0,0,0.1875
24,Spotify,Entertainment,Discord,2024-01-08 22:44:00,22,Monday,0,1026,0:17:06,4.3,143.5,24.0,4.92,0,2024-01-08,17,evening,0,0,0,0,0,0.24
37,Postman,Development,Spotify,2024-01-08 23:02:00,23,Monday,0,3519,0:58:39,14.8,151.4,4.7,2.42,0,2024-01-08,58,evening,0,0,0,0,0,0.09090909090909091
45,VLC,Entertainment,Postman,2024-01-09 00:01:00,0,Tuesday,0,3319,0:55:19,14.5,189.5,4.6,1.87,0,2024-01-09,55,night,0,0,0,0,0,0.03225806451612903
1,Chrome,Browser,VLC,2024-01-09 00:57:00,0,Tuesday,0,2375,0:39:35,25.9,739.8,141.0,1.82,0,2024-01-09,39,night,0,0,0,1,0,0.3333333333333333
25,VS Code,Development,Chrome,2024-01-09 01:41:00,1,Tuesday,0,548,0:09:08,20.4,406.7,3.6,4.28,0,2024-01-09,9,night,0,0,0,0,0,0.15
5,Postman,Development,VS Code,2024-01-09 01:53:00,1,Tuesday,0,2694,0:44:54,13.9,163.2,2.7,2.84,0,2024-01-09,44,night,0,0,0,0,0,0.22807017543859648
16,Terminal,Development,Postman,2024-01-09 02:38:00,2,Tuesday,0,4972,1:22:52,18.2,31.7,4.1,3.92,0,2024-01-09,82,night,0,0,0,0,0,0.2903225806451613
11,VS Code,Development,Terminal,2024-01-09 04:01:00,4,Tuesday,0,1435,0:23:55,14.6,294.1,2.9,2.02,0,2024-01-09,23,night,0,0,0,0,0,0.08
1,Postman,Development,VS Code,2024-01-09 04:29:00,4,Tuesday,0,3933,1:05:33,4.6,256.2,1.6,3.72,0,2024-01-09,65,night,0,0,0,0,0,0.22807017543859648
36,Chrome,Browser,Postman,2024-01-09 05:35:00,5,Tuesday,0,3288,0:54:48,32.3,656.9,42.8,2.07,0,2024-01-09,54,night,0,0,0,0,0,0.22580645161290322
49,Slack,Communication,Chrome,2024-01-09 06:32:00,6,Tuesday,0,5125,1:25:25,4.6,184.9,48.3,1.83,0,2024-01-09,85,morning,0,0,0,0,0,0.1375
20,Zoom,Communication,Slack,2024-01-09 08:00:00,8,Tuesday,0,2761,0:46:01,29.5,477.4,90.1,2.54,0,2024-01-09,46,morning,0,0,0,0,0,0.14285714285714285
20,Word,Productivity,Zoom,2024-01-09 08:47:00,8,Tuesday,0,3773,1:02:53,13.0,317.6,4.9,4.86,0,2024-01-09,62,morning,0,0,0,0,0,0.4166666666666667
19,Slack,Communication,Word,2024-01-09 09:50:00,9,Tuesday,0,6503,1:48:23,11.4,304.2,70.2,3.79,0,2024-01-09,108,morning,0,0,0,0,0,0.1388888888888889
36,VS Code,Development,Slack,2024-01-09 11:41:00,11,Tuesday,0,6446,1:47:26,20.3,265.0,3.8,1.96,0,2024-01-09,107,morning,0,0,0,0,0,0.10204081632653061
9,Slack,Communication,VS Code,2024-01-09 13:33:00,13,Tuesday,0,5031,1:23:51,9.5,249.5,114.7,0.71,0,2024-01-09,83,afternoon,0,0,0,0,0,0.14035087719298245
43,Excel,Productivity,Slack,2024-01-09 14:58:00,14,Tuesday,0,4748,1:19:08,23.4,203.9,2.8,4.25,0,2024-01-09,79,afternoon,0,0,0,0,0,0.14285714285714285
37,Chrome,Browser,Excel,2024-01-09 16:21:00,16,Tuesday,0,620,0:10:20,17.8,637.0,28.3,3.85,0,2024-01-09,10,afternoon,0,0,0,0,0,0.23076923076923078
36,Discord,Communication,Chrome,2024-01-09 16:33:00,16,Tuesday,0,2024,0:33:44,8.8,221.9,111.4,0.2,0,2024-01-09,33,afternoon,0,0,0,0,0,0.1875
27,Spotify,Entertainment,Discord,2024-01-09 17:07:00,17,Tuesday,0,1680,0:28:00,2.8,124.2,14.1,4.74,0,2024-01-09,28,afternoon,0,0,0,0,0,0.24
50,VS Code,Development,Spotify,2024-01-09 17:36:00,17,Tuesday,0,3422,0:57:02,19.0,351.5,4.0,2.3,0,2024-01-09,57,afternoon,0,0,0,0,0,0.09090909090909091
6,Slack,Communication,VS Code,2024-01-09 18:34:00,18,Tuesday,0,4979,1:22:59,6.6,184.9,147.9,3.07,0,2024-01-09,82,evening,0,0,0,1,0,0.14035087719298245
45,Excel,Productivity,Slack,2024-01-09 19:57:00,19,Tuesday,0,4038,1:07:18,12.6,312.4,3.5,1.83,0,2024-01-09,67,evening,0,0,0,0,0,0.14285714285714285
19,Chrome,Browser,Excel,2024-01-09 21:06:00,21,Tuesday,0,5465,1:31:05,25.1,861.5,95.2,2.62,0,2024-01-09,91,evening,0,0,0,0,0,0.23076923076923078
38,Discord,Communication,Chrome,2024-01-09 22:41:00,22,Tuesday,0,6117,1:41:57,8.8,219.2,99.1,0.5,0,2024-01-09,101,evening,0,0,0,0,0,0.1875
47,VS Code,Development,Discord,2024-01-10 00:27:00,0,Wednesday,0,3388,0:56:28,5.5,260.3,0.2,0.74,0,2024-01-10,56,night,0,0,0,0,0,0.24
29,Terminal,Development,VS Code,2024-01-10 01:24:00,1,Wednesday,0,2590,0:43:10,15.9,83.9,4.9,0.65,0,2024-01-10,43,night,0,0,0,0,0,0.14035087719298245
48,Chrome,Browser,Terminal,2024-01-10 02:11:00,2,Wednesday,0,2397,0:39:57,31.5,1029.3,145.7,2.73,0,2024-01-10,39,night,0,0,1,1,0,0.2
19,Excel,Productivity,Chrome,2024-01-10 02:55:00,2,Wednesday,0,4986,1:23:06,16.9,279.5,3.3,3.98,0,2024-01-10,83,night,0,0,0,0,0,0.1875
43,Notion,Productivity,Excel,2024-01-10 04:22:00,4,Wednesday,0,4255,1:10:55,6.8,304.6,2.7,3.65,0,2024-01-10,70,night,0,0,0,0,0,0.1794871794871795
28,Terminal,Development,Notion,2024-01-10 05:34:00,5,Wednesday,0,4436,1:13:56,8.3,117.5,1.8,1.7,0,2024-01-10,73,night,0,0,0,0,0,0.0196078431372549
26,Postman,Development,Terminal,2024-01-10 06:52:00,6,Wednesday,0,6703,1:51:43,11.1,216.7,2.6,3.97,0,2024-01-10,111,morning,0,0,0,0,0,0.24
6,Chrome,Browser,Postman,2024-01-10 08:46:00,8,Wednesday,0,6805,1:53:25,10.7,647.1,19.2,3.09,0,2024-01-10,113,morning,0,0,0,0,0,0.22580645161290322
49,Notion,Productivity,Chrome,2024-01-10 10:42:00,10,Wednesday,0,3909,1:05:09,11.9,342.3,2.4,4.59,0,2024-01-10,65,morning,0,0,0,0,0,0.175
16,Chrome,Browser,Notion,2024-01-10 11:51:00,11,Wednesday,0,6318,1:45:18,27.7,1071.8,46.7,1.9,0,2024-01-10,105,morning,0,0,1,0,0,0.19607843137254902
36,Notion,Productivity,Chrome,2024-01-10 13:40:00,13,Wednesday,0,4185,1:09:45,10.7,322.7,4.4,1.79,0,2024-01-10,69,afternoon,0,0,0,0,0,0.175
22,VS Code,Development,Notion,2024-01-10 14:51:00,14,Wednesday,0,5654,1:34:14,6.6,439.1,3.8,3.52,0,2024-01-10,94,afternoon,0,0,0,0,0,0.2549019607843137
5,Terminal,Development,VS Code,2024-01-10 16:26:00,16,Wednesday,0,5536,1:32:16,21.1,61.7,1.3,0.67,0,2024-01-10,92,afternoon,0,0,0,0,0,0.14035087719298245
29,Chrome,Browser,Terminal,2024-01-10 18:00:00,18,Wednesday,0,1850,0:30:50,29.4,604.1,96.4,3.89,0,2024-01-10,30,evening,0,0,0,0,0,0.2
46,Excel,Productivity,Chrome,2024-01-10 18:33:00,18,Wednesday,0,3445,0:57:25,19.7,145.0,3.1,4.6,0,2024-01-10,57,evening,0,0,0,0,0,0.1875
48,Chrome,Browser,Excel,2024-01-10 19:35:00,19,Wednesday,0,208,0:03:28,11.7,1155.8,43.8,4.87,0,2024-01-10,3,evening,0,0,1,0,0,0.23076923076923078
46,Discord,Communication,Chrome,2024-01-10 19:39:00,19,Wednesday,0,184,0:03:04,2.7,292.8,73.2,3.99,0,2024-01-10,3,evening,0,0,0,0,0,0.1875
17,VS Code,Development,Discord,2024-01-10 19:44:00,19,Wednesday,0,256,0:04:16,22.9,267.2,3.0,2.01,0,2024-01-10,4,evening,0,0,0,0,0,0.24
42,Figma,Design,VS Code,2024-01-10 19:51:00,19,Wednesday,0,5243,1:27:23,25.3,479.5,0.3,2.71,0,2024-01-10,87,evening,0,0,0,0,0,0.05263157894736842
28,Slack,Communication,Figma,2024-01-10 21:20:00,21,Wednesday,0,5741,1:35:41,2.6,181.0,71.6,1.08,0,2024-01-10,95,evening,0,0,0,0,0,0.3333333333333333
8,Photoshop,Design,Slack,2024-01-10 22:56:00,22,Wednesday,0,270,0:04:30,33.1,908.2,0.3,0.83,0,2024-01-10,4,evening,0,0,1,0,0,0.02040816326530612
25,Chrome,Browser,Photoshop,2024-01-10 23:01:00,23,Wednesday,0,625,0:10:25,8.3,853.6,94.3,3.21,0,2024-01-10,10,evening,0,0,0,0,0,0.8
18,Excel,Productivity,Chrome,2024-01-10 23:14:00,23,Wednesday,0,4899,1:21:39,11.4,250.6,4.4,1.84,0,2024-01-10,81,evening,0,0,0,0,0,0.1875
33,Word,Productivity,Excel,2024-01-11 00:40:00,0,Thursday,0,1653,0:27:33,10.2,294.5,1.7,2.74,0,2024-01-11,27,night,0,0,0,0,0,0.358974358974359
7,Excel,Productivity,Word,2024-01-11 01:10:00,1,Thursday,0,5837,1:37:17,20.0,263.2,1.7,2.51,0,2024-01-11,97,night,0,0,0,0,0,0.2777777777777778
30,Slack,Communication,Excel,2024-01-11 02:48:00,2,Thursday,0,6076,1:41:16,11.6,263.0,95.5,1.81,0,2024-01-11,101,night,0,0,0,0,0,0.15384615384615385
37,Chrome,Browser,Slack,2024-01-11 04:33:00,4,Thursday,0,2152,0:35:52,21.1,1070.9,137.3,1.69,0,2024-01-11,35,night,0,0,1,1,0,0.20408163265306123
3,Chrome,Browser,Chrome,2024-01-11 05:12:00,5,Thursday,0,5669,1:34:29,18.6,598.5,16.6,1.36,0,2024-01-11,94,night,0,0,0,0,0,0.0125
24,Slack,Communication,Chrome,2024-01-11 06:49:00,6,Thursday,0,291,0:04:51,5.0,262.1,121.1,3.22,0,2024-01-11,4,morning,0,0,0,0,0,0.1375
39,Excel,Productivity,Slack,2024-01-11 06:58:00,6,Thursday,0,855,0:14:15,13.4,225.7,4.7,1.85,0,2024-01-11,14,morning,0,0,0,0,0,0.14285714285714285
15,Notion,Productivity,Excel,2024-01-11 07:15:00,7,Thursday,0,2463,0:41:03,3.7,302.4,4.6,3.81,0,2024-01-11,41,morning,0,0,0,0,0,0.1794871794871795
8,Notion,Productivity,Notion,2024-01-11 08:01:00,8,Thursday,0,2472,0:41:12,3.1,245.9,3.1,3.2,0,2024-01-11,41,morning,0,0,0,0,0,0.0392156862745098
9,VS Code,Development,Notion,2024-01-11 08:46:00,8,Thursday,0,1301,0:21:41,24.7,246.6,4.4,0.2,0,2024-01-11,21,morning,0,0,0,0,0,0.2549019607843137
29,PyCharm,Development,VS Code,2024-01-11 09:10:00,9,Thursday,0,2062,0:34:22,27.5,497.2,3.4,0.49,0,2024-01-11,34,morning,0,0,0,0,0,0.14035087719298245
34,Discord,Communication,PyCharm,2024-01-11 09:48:00,9,Thursday,0,1467,0:24:27,10.0,253.4,71.7,3.61,0,2024-01-11,24,morning,0,0,0,0,0,0.038461538461538464
16,Chrome,Browser,Discord,2024-01-11 10:12:00,10,Thursday,0,6692,1:51:32,19.3,1167.3,101.7,3.4,0,2024-01-11,111,morning,0,0,1,0,0,0.16
2,Excel,Productivity,Chrome,2024-01-11 12:05:00,12,Thursday,0,5322,1:28:42,11.0,255.5,1.6,0.94,0,2024-01-11,88,afternoon,0,0,0,0,0,0.1875
38,Word,Productivity,Excel,2024-01-11 13:35:00,13,Thursday,0,613,0:10:13,14.5,174.5,4.3,1.73,0,2024-01-11,10,afternoon,0,0,0,0,0,0.358974358974359
21,Excel,Productivity,Word,2024-01-11 13:48:00,13,Thursday,0,4993,1:23:13,12.5,146.2,4.9,2.91,0,2024-01-11,83,afternoon,0,0,0,0,0,0.2777777777777778
12,VS Code,Development,Excel,2024-01-11 15:15:00,15,Thursday,0,2390,0:39:50,5.5,268.2,1.1,2.96,0,2024-01-11,39,afternoon,0,0,0,0,0,0.02564102564102564
23,Steam,Entertainment,VS Code,2024-01-11 15:58:00,15,Thursday,0,6477,1:47:57,10.3,265.1,112.0,0.23,0,2024-01-11,107,afternoon,0,0,0,0,0,0.05263157894736842
11,OBS Studio,Entertainment,Steam,2024-01-11 17:50:00,17,Thursday,0,3531,0:58:51,67.3,513.3,2.0,1.74,1,2024-01-11,58,afternoon,0,1,0,0,0,0.25
40,Chrome,Browser,OBS Studio,2024-01-11 18:49:00,18,Thursday,0,3795,1:03:15,19.8,712.3,16.2,3.23,0,2024-01-11,63,evening,0,0,0,0,0,0.14285714285714285
23,Notion,Productivity,Chrome,2024-01-11 19:57:00,19,Thursday,0,2957,0:49:17,6.2,300.2,1.2,0.49,0,2024-01-11,49,evening,0,0,0,0,0,0.175
3,VS Code,Development,Notion,2024-01-11 20:50:00,20,Thursday,0,3157,0:52:37,15.1,273.1,0.5,3.54,0,2024-01-11,52,evening,0,0,0,0,0,0.2549019607843137
19,PyCharm,Development,VS Code,2024-01-11 21:45:00,21,Thursday,0,5985,1:39:45,11.7,462.2,2.1,3.15,0,2024-01-11,99,evening,0,0,0,0,0,0.14035087719298245
38,OBS Studio,Entertainment,PyCharm,2024-01-11 23:27:00,23,Thursday,0,6792,1:53:12,45.6,802.3,1.8,0.24,0,2024-01-11,113,evening,0,1,0,0,0,0.07692307692307693
34,Steam,Entertainment,OBS Studio,2024-01-12 01:24:00,1,Friday,0,5744,1:35:44,10.8,497.4,134.8,3.29,0,2024-01-12,95,night,0,0,0,1,0,0.42857142857142855
18,Discord,Communication,Steam,2024-01-12 03:00:00,3,Friday,0,2290,0:38:10,2.1,207.7,97.7,4.32,0,2024-01-12,38,night,0,0,0,0,0,0.16666666666666666
28,Slack,Communication,Discord,2024-01-12 03:42:00,3,Friday,0,3882,1:04:42,3.3,266.7,85.6,4.16,0,2024-01-12,64,night,0,0,0,0,0,0.08
48,Notion,Productivity,Slack,2024-01-12 04:48:00,4,Friday,0,2734,0:45:34,5.1,218.6,3.6,1.94,0,2024-01-12,45,night,0,0,0,0,0,0.22448979591836735
39,Word,Productivity,Notion,2024-01-12 05:38:00,5,Friday,0,6931,1:55:31,5.8,213.7,4.2,2.9,0,2024-01-12,115,night,0,0,0,0,0,0.23529411764705882
32,Excel,Productivity,Word,2024-01-12 07:35:00,7,Friday,0,7019,1:56:59,19.7,389.1,0.7,1.03,0,2024-01-12,116,morning,0,0,0,0,0,0.2777777777777778
14,Word,Productivity,Excel,2024-01-12 09:34:00,9,Friday,0,3101,0:51:41,14.9,236.8,3.3,3.32,0,2024-01-12,51,morning,0,0,0,0,0,0.358974358974359
14,Notion,Productivity,Word,2024-01-12 10:27:00,10,Friday,0,6107,1:41:47,10.8,288.2,1.5,0.58,0,2024-01-12,101,morning,0,0,0,0,0,0.25
24,VS Code,Development,Notion,2024-01-12 12:11:00,12,Friday,0,3671,1:01:11,21.7,448.5,2.5,4.49,0,2024-01-12,61,afternoon,0,0,0,0,0,0.2549019607843137
41,Chrome,Browser,VS Code,2024-01-12 13:16:00,13,Friday,0,4036,1:07:16,23.0,516.5,126.4,1.82,0,2024-01-12,67,afternoon,0,0,0,0,0,0.08771929824561403
42,Excel,Productivity,Chrome,2024-01-12 14:24:00,14,Friday,0,5702,1:35:02,15.6,290.5,2.8,2.03,0,2024-01-12,95,afternoon,0,0,0,0,0,0.1875
36,Slack,Communication,Excel,2024-01-12 15:59:00,15,Friday,0,3114,0:51:54,5.7,219.4,51.8,4.71,0,2024-01-12,51,afternoon,0,0,0,0,0,0.15384615384615385
39,Notion,Productivity,Slack,2024-01-12 16:55:00,16,Friday,0,2682,0:44:42,11.9,303.1,4.2,3.49,0,2024-01-12,44,afternoon,0,0,0,0,0,0.22448979591836735
38,Chrome,Browser,Notion,2024-01-12 17:44:00,17,Friday,0,5506,1:31:46,15.4,459.8,116.3,2.55,0,2024-01-12,91,afternoon,0,0,0,0,0,0.19607843137254902
49,VS Code,Development,Chrome,2024-01-12 19:16:00,19,Friday,0,5873,1:37:53,17.2,266.4,4.0,3.84,0,2024-01-12,97,evening,0,0,0,0,0,0.15
13,Postman,Development,VS Code,2024-01-12 20:57:00,20,Friday,0,3741,1:02:21,11.6,172.6,4.6,2.8,0,2024-01-12,62,evening,0,0,0,0,0,0.22807017543859648
25,Spotify,Entertainment,Postman,2024-01-12 22:00:00,22,Friday,0,3195,0:53:15,4.2,219.8,83.0,0.19,0,2024-01-12,53,evening,0,0,0,0,0,0.03225806451612903
8,Word,Productivity,Spotify,2024-01-12 22:56:00,22,Friday,0,3057,0:50:57,10.2,110.0,0.8,1.97,0,2024-01-12,50,evening,0,0,0,0,0,0.09090909090909091
35,Chrome,Browser,Word,2024-01-12 23:49:00,23,Friday,0,2237,0:37:17,24.5,1087.6,123.5,3.5,0,2024-01-12,37,evening,0,0,1,0,0,0.1388888888888889
13,Notion,Productivity,Chrome,2024-01-13 00:28:00,0,Saturday,1,1445,0:24:05,5.7,319.6,1.4,4.03,0,2024-01-13,24,night,0,0,0,0,0,0.175
9,Chrome,Browser,Notion,2024-01-13 00:53:00,0,Saturday,1,4761,1:19:21,22.9,479.3,53.2,0.48,0,2024-01-13,79,night,0,0,0,0,0,0.19607843137254902
16,Discord,Communication,Chrome,2024-01-13 02:14:00,2,Saturday,1,4956,1:22:36,8.3,189.4,33.3,3.2,0,2024-01-13,82,night,0,0,0,0,0,0.1875
43,VS Code,Development,Discord,2024-01-13 03:40:00,3,Saturday,1,5410,1:30:10,7.0,409.6,0.2,4.43,0,2024-01-13,90,night,0,0,0,0,0,0.24
41,Slack,Communication,VS Code,2024-01-13 05:11:00,5,Saturday,1,1674,0:27:54,4.5,217.4,94.8,2.51,0,2024-01-13,27,night,0,0,0,0,0,0.14035087719298245
37,VS Code,Development,Slack,2024-01-13 05:40:00,5,Saturday,1,970,0:16:10,19.6,412.3,1.6,0.84,0,2024-01-13,16,night,0,0,0,0,0,0.10204081632653061
21,Slack,Communication,VS Code,2024-01-13 05:59:00,5,Saturday,1,4726,1:18:46,10.0,259.0,89.5,1.87,0,2024-01-13,78,night,0,0,0,0,0,0.14035087719298245
36,Excel,Productivity,Slack,2024-01-13 07:19:00,7,Saturday,1,1741,0:29:01,10.5,316.5,1.5,3.07,0,2024-01-13,29,morning,0,0,0,0,0,0.14285714285714285
28,Word,Productivity,Excel,2024-01-13 07:51:00,7,Saturday,1,6053,1:40:53,11.7,256.5,4.4,0.66,0,2024-01-13,100,morning,0,0,0,0,0,0.358974358974359
47,Chrome,Browser,Word,2024-01-13 09:33:00,9,Saturday,1,4251,1:10:51,26.9,723.9,80.8,2.66,0,2024-01-13,70,morning,0,0,0,0,0,0.1388888888888889
4,Slack,Communication,Chrome,2024-01-13 10:47:00,10,Saturday,1,3795,1:03:15,11.7,236.7,45.0,4.99,0,2024-01-13,63,morning,0,0,0,0,0,0.1375
27,Chrome,Browser,Slack,2024-01-13 11:55:00,11,Saturday,1,3691,1:01:31,20.7,648.7,123.9,2.19,0,2024-01-13,61,morning,0,0,0,0,0,0.20408163265306123
21,VLC,Entertainment,Chrome,2024-01-13 12:58:00,12,Saturday,1,3183,0:53:03,24.3,87.7,0.4,4.46,0,2024-01-13,53,afternoon,0,0,0,0,0,0.025
32,Chrome,Browser,VLC,2024-01-13 13:54:00,13,Saturday,1,2377,0:39:37,17.5,793.4,2.0,0.53,0,2024-01-13,39,afternoon,0,0,0,0,0,0.3333333333333333
1,Slack,Communication,Chrome,2024-01-13 14:38:00,14,Saturday,1,4914,1:21:54,2.2,181.9,134.2,1.32,0,2024-01-13,81,afternoon,0,0,0,1,0,0.1375
11,Chrome,Browser,Slack,2024-01-13 16:03:00,16,Saturday,1,5433,1:30:33,22.0,1134.7,45.5,3.53,0,2024-01-13,90,afternoon,0,0,1,0,0,0.20408163265306123
33,VLC,Entertainment,Chrome,2024-01-13 17:38:00,17,Saturday,1,5784,1:36:24,9.6,187.7,1.1,1.62,0,2024-01-13,96,afternoon,0,0,0,0,0,0.025
30,Spotify,Entertainment,VLC,2024-01-13 19:15:00,19,Saturday,1,1694,0:28:14,3.6,116.1,69.3,4.14,0,2024-01-13,28,evening,0,0,0,0,0,0.5
42,Discord,Communication,Spotify,2024-01-13 19:45:00,19,Saturday,1,5086,1:24:46,4.5,150.1,62.6,1.65,0,2024-01-13,84,evening,0,0,0,0,0,0.18181818181818182
32,VS Code,Development,Discord,2024-01-13 21:11:00,21,Saturday,1,1330,0:22:10,11.1,304.5,3.1,3.06,0,2024-01-13,22,evening,0,0,0,0,0,0.24
39,Terminal,Development,VS Code,2024-01-13 21:35:00,21,Saturday,1,5507,1:31:47,6.7,99.0,1.5,4.32,0,2024-01-13,91,evening,0,0,0,0,0,0.14035087719298245
41,PyCharm,Development,Terminal,2024-01-13 23:09:00,23,Saturday,1,1181,0:19:41,33.0,775.8,0.6,1.0,0,2024-01-13,19,evening,0,0,0,0,0,0.32
35,Chrome,Browser,PyCharm,2024-01-13 23:30:00,23,Saturday,1,3457,0:57:37,27.4,826.7,119.0,1.9,0,2024-01-13,57,evening,0,0,0,0,0,0.15384615384615385
14,Excel,Productivity,Chrome,2024-01-14 00:28:00,0,Sunday,1,250,0:04:10,22.5,228.8,2.9,1.64,0,2024-01-14,4,night,0,0,0,0,0,0.1875
42,Notion,Productivity,Excel,2024-01-14 00:37:00,0,Sunday,1,192,0:03:12,9.1,261.3,3.0,2.41,0,2024-01-14,3,night,0,0,0,0,0,0.1794871794871795
27,VS Code,Development,Notion,2024-01-14 00:44:00,0,Sunday,1,3649,1:00:49,15.9,335.1,0.0,0.5,0,2024-01-14,60,night,0,0,0,0,0,0.2549019607843137
7,Postman,Development,VS Code,2024-01-14 01:46:00,1,Sunday,1,4019,1:06:59,10.6,245.4,1.0,4.25,0,2024-01-14,66,night,0,0,0,0,0,0.22807017543859648
48,VS Code,Development,Postman,2024-01-14 02:57:00,2,Sunday,1,3673,1:01:13,14.8,301.5,0.3,3.28,0,2024-01-14,61,night,0,0,0,0,0,0.22580645161290322
22,Terminal,Development,VS Code,2024-01-14 04:01:00,4,Sunday,1,6316,1:45:16,11.6,35.5,0.6,4.55,0,2024-01-14,105,night,0,0,0,0,0,0.14035087719298245
13,Postman,Development,Terminal,2024-01-14 05:47:00,5,Sunday,1,4190,1:09:50,4.8,151.9,2.5,3.51,0,2024-01-14,69,night,0,0,0,0,0,0.24
14,Zoom,Communication,Postman,2024-01-14 07:02:00,7,Sunday,1,4088,1:08:08,20.7,492.5,101.6,2.21,0,2024-01-14,68,morning,0,0,0,0,0,0.03225806451612903
20,Notion,Productivity,Zoom,2024-01-14 08:11:00,8,Sunday,1,4593,1:16:33,11.7,359.0,0.8,3.91,0,2024-01-14,76,morning,0,0,0,0,0,0.25
49,Chrome,Browser,Notion,2024-01-14 09:28:00,9,Sunday,1,330,0:05:30,22.9,758.6,55.7,3.62,0,2024-01-14,5,morning,0,0,0,0,0,0.19607843137254902
26,Figma,Design,Chrome,2024-01-14 09:36:00,9,Sunday,1,4399,1:13:19,15.0,367.1,3.5,0.76,0,2024-01-14,73,morning,0,0,0,0,0,0.0375
30,Chrome,Browser,Figma,2024-01-14 10:52:00,10,Sunday,1,1186,0:19:46,14.8,546.0,130.0,0.48,0,2024-01-14,19,morning,0,0,0,1,0,0.08333333333333333
31,Slack,Communication,Chrome,2024-01-14 11:15:00,11,Sunday,1,6709,1:51:49,8.2,322.2,20.1,4.53,0,2024-01-14,111,morning,0,0,0,0,0,0.1375
10,Zoom,Communication,Slack,2024-01-14 13:11:00,13,Sunday,1,267,0:04:27,44.4,473.3,123.2,1.82,0,2024-01-14,4,afternoon,0,1,0,0,0,0.14285714285714285
9,Word,Productivity,Zoom,2024-01-14 13:18:00,13,Sunday,1,3218,0:53:38,13.3,276.8,3.5,3.2,0,2024-01-14,53,afternoon,0,0,0,0,0,0.4166666666666667
40,Excel,Productivity,Word,2024-01-14 14:16:00,14,Sunday,1,35,0:00:35,21.2,140.1,1.6,2.3,0,2024-01-14,0,afternoon,0,0,0,0,0,0.2777777777777778
49,Excel,Productivity,Excel,2024-01-14 14:17:00,14,Sunday,1,510,0:08:30,15.8,200.1,2.9,0.44,0,2024-01-14,8,afternoon,0,0,0,0,0,0.02564102564102564
40,Word,Productivity,Excel,2024-01-14 14:28:00,14,Sunday,1,1726,0:28:46,3.2,126.7,4.6,4.53,0,2024-01-14,28,afternoon,0,0,0,0,0,0.358974358974359
11,Slack,Communication,Word,2024-01-14 14:58:00,14,Sunday,1,2302,0:38:22,4.7,323.2,92.8,4.2,0,2024-01-14,38,afternoon,0,0,0,0,0,0.1388888888888889
42,Excel,Productivity,Slack,2024-01-14 15:37:00,15,Sunday,1,3608,1:00:08,18.2,301.3,2.4,1.69,0,2024-01-14,60,afternoon,0,0,0,0,0,0.14285714285714285
21,Chrome,Browser,Excel,2024-01-14 16:42:00,16,Sunday,1,4231,1:10:31,21.1,1065.7,128.0,0.62,0,2024-01-14,70,afternoon,0,0,1,1,0,0.23076923076923078
2,VS Code,Development,Chrome,2024-01-14 17:56:00,17,Sunday,1,5504,1:31:44,21.8,439.8,3.5,2.71,0,2024-01-14,91,afternoon,0,0,0,0,0,0.15
34,PyCharm,Development,VS Code,2024-01-14 19:30:00,19,Sunday,1,6002,1:40:02,22.7,687.3,4.6,3.19,0,2024-01-14,100,evening,0,0,0,0,0,0.14035087719298245
35,Chrome,Browser,PyCharm,2024-01-14 21:13:00,21,Sunday,1,2400,0:40:00,32.7,983.1,74.5,0.9,0,2024-01-14,40,evening,0,0,1,0,0,0.15384615384615385
41,VS Code,Development,Chrome,2024-01-14 21:55:00,21,Sunday,1,6522,1:48:42,16.0,280.4,1.7,3.86,0,2024-01-14,108,evening,0,0,0,0,0,0.15
45,Chrome,Browser,VS Code,2024-01-14 23:47:00,23,Sunday,1,5858,1:37:38,14.4,924.9,19.7,4.77,0,2024-01-14,97,evening,0,0,1,0,0,0.08771929824561403
11,Notion,Productivity,Chrome,2024-01-15 01:27:00,1,Monday,0,1292,0:21:32,9.9,236.7,2.1,4.97,0,2024-01-15,21,night,0,0,0,0,0,0.175
6,File Explorer,System,Notion,2024-01-15 01:52:00,1,Monday,0,2580,0:43:00,2.0,32.9,0.0,0.54,0,2024-01-15,43,night,0,0,0,0,0,0.0196078431372549
29,VS Code,Development,File Explorer,2024-01-15 02:35:00,2,Monday,0,1087,0:18:07,5.8,358.3,3.0,3.36,0,2024-01-15,18,night,0,0,0,0,0,0.5714285714285714
10,Postman,Development,VS Code,2024-01-15 02:57:00,2,Monday,0,6936,1:55:36,7.2,217.9,1.0,1.04,0,2024-01-15,115,night,0,0,0,0,0,0.22807017543859648
50,Excel,Productivity,Postman,2024-01-15 04:55:00,4,Monday,0,2333,0:38:53,21.1,300.1,3.2,4.61,0,2024-01-15,38,night,0,0,0,0,0,0.03225806451612903
19,Chrome,Browser,Excel,2024-01-15 05:38:00,5,Monday,0,2315,0:38:35,32.3,649.9,105.0,4.11,0,2024-01-15,38,night,0,0,0,0,0,0.23076923076923078
48,OBS Studio,Entertainment,Chrome,2024-01-15 06:21:00,6,Monday,0,1286,0:21:26,49.7,706.4,0.0,4.71,0,2024-01-15,21,morning,0,1,0,0,0,0.0125
38,File Explorer,System,OBS Studio,2024-01-15 06:46:00,6,Monday,0,5206,1:26:46,4.1,67.9,0.0,4.01,0,2024-01-15,86,morning,0,0,0,0,0,0.14285714285714285
13,VS Code,Development,File Explorer,2024-01-15 08:17:00,8,Monday,0,570,0:09:30,24.8,362.9,4.1,4.98,0,2024-01-15,9,morning,0,0,0,0,0,0.5714285714285714
15,Figma,Design,VS Code,2024-01-15 08:30:00,8,Monday,0,6350,1:45:50,41.3,625.3,2.0,4.18,0,2024-01-15,105,morning,0,1,0,0,0,0.05263157894736842
25,Slack,Communication,Figma,2024-01-15 10:19:00,10,Monday,0,1125,0:18:45,9.8,202.6,5.7,2.69,0,2024-01-15,18,morning,0,0,0,0,0,0.3333333333333333
23,Chrome,Browser,Slack,2024-01-15 10:39:00,10,Monday,0,4232,1:10:32,23.3,1071.7,29.6,2.25,0,2024-01-15,70,morning,0,0,1,0,0,0.20408163265306123
49,Notion,Productivity,Chrome,2024-01-15 11:53:00,11,Monday,0,7016,1:56:56,7.7,182.9,3.8,3.64,0,2024-01-15,116,morning,0,0,0,0,0,0.175
8,Chrome,Browser,Notion,2024-01-15 13:53:00,13,Monday,0,2157,0:35:57,12.7,1045.9,79.9,1.12,0,2024-01-15,35,afternoon,0,0,1,0,0,0.19607843137254902
49,Discord,Communication,Chrome,2024-01-15 14:29:00,14,Monday,0,3171,0:52:51,9.6,196.5,63.4,3.44,0,2024-01-15,52,afternoon,0,0,0,0,0,0.1875
33,Slack,Communication,Discord,2024-01-15 15:25:00,15,Monday,0,6275,1:44:35,2.6,197.2,57.8,3.84,0,2024-01-15,104,afternoon,0,0,0,0,0,0.08
22,Excel,Productivity,Slack,2024-01-15 17:10:00,17,Monday,0,7077,1:57:57,26.9,334.0,3.4,1.9,0,2024-01-15,117,afternoon,0,0,0,0,0,0.14285714285714285
1,Word,Productivity,Excel,2024-01-15 19:09:00,19,Monday,0,5945,1:39:05,16.6,254.1,3.4,1.92,0,2024-01-15,99,evening,0,0,0,0,0,0.358974358974359
43,Slack,Communication,Word,2024-01-15 20:50:00,20,Monday,0,1530,0:25:30,8.3,293.3,143.2,4.73,0,2024-01-15,25,evening,0,0,0,1,0,0.1388888888888889
4,Notion,Productivity,Slack,2024-01-15 21:20:00,21,Monday,0,4381,1:13:01,8.3,273.1,1.2,2.97,0,2024-01-15,73,evening,0,0,0,0,0,0.22448979591836735
50,Word,Productivity,Notion,2024-01-15 22:35:00,22,Monday,0,1575,0:26:15,14.7,185.9,2.8,0.73,0,2024-01-15,26,evening,0,0,0,0,0,0.23529411764705882
2,Postman,Development,Word,2024-01-15 23:05:00,23,Monday,0,6306,1:45:06,11.6,247.9,4.3,3.21,0,2024-01-15,105,evening,0,0,0,0,0,0.027777777777777776
33,Terminal,Development,Postman,2024-01-16 00:53:00,0,Tuesday,0,476,0:07:56,30.6,99.8,4.0,3.22,0,2024-01-16,7,night,0,0,0,0,0,0.2903225806451613
31,Postman,Development,Terminal,2024-01-16 01:05:00,1,Tuesday,0,121,0:02:01,10.3,158.3,4.3,4.26,0,2024-01-16,2,night,0,0,0,0,0,0.24
40,Photoshop,Design,Postman,2024-01-16 01:10:00,1,Tuesday,0,5385,1:29:45,49.7,563.2,4.1,4.41,0,2024-01-16,89,night,0,1,0,0,0,0.03225806451612903
3,Chrome,Browser,Photoshop,2024-01-16 02:41:00,2,Tuesday,0,2092,0:34:52,34.7,865.8,90.1,3.97,0,2024-01-16,34,night,0,0,0,0,0,0.8
47,Discord,Communication,Chrome,2024-01-16 03:16:00,3,Tuesday,0,2127,0:35:27,8.1,271.9,149.7,1.27,0,2024-01-16,35,night,0,0,0,1,0,0.1875
1,Spotify,Entertainment,Discord,2024-01-16 03:54:00,3,Tuesday,0,1825,0:30:25,3.5,139.2,8.6,4.68,0,2024-01-16,30,night,0,0,0,0,0,0.24
41,Notion,Productivity,Spotify,2024-01-16 04:27:00,4,Tuesday,0,719,0:11:59,9.6,349.1,4.8,4.34,0,2024-01-16,11,night,0,0,0,0,0,0.2727272727272727
20,VS Code,Development,Notion,2024-01-16 04:41:00,4,Tuesday,0,3612,1:00:12,24.1,343.9,4.1,4.54,0,2024-01-16,60,night,0,0,0,0,0,0.2549019607843137
25,VLC,Entertainment,VS Code,2024-01-16 05:43:00,5,Tuesday,0,471,0:07:51,10.7,138.9,1.0,3.88,0,2024-01-16,7,night,0,0,0,0,0,0.017543859649122806
35,Spotify,Entertainment,VLC,2024-01-16 05:51:00,5,Tuesday,0,187,0:03:07,5.0,127.8,116.9,4.26,0,2024-01-16,3,night,0,0,0,0,0,0.5
13,Notion,Productivity,Spotify,2024-01-16 05:57:00,5,Tuesday,0,3829,1:03:49,9.6,376.4,0.2,1.47,0,2024-01-16,63,night,0,0,0,0,0,0.2727272727272727
1,Word,Productivity,Notion,2024-01-16 07:05:00,7,Tuesday,0,6432,1:47:12,10.3,211.0,3.1,3.3,0,2024-01-16,107,morning,0,0,0,0,0,0.23529411764705882
16,Notion,Productivity,Word,2024-01-16 08:54:00,8,Tuesday,0,3894,1:04:54,8.7,323.2,2.9,1.48,0,2024-01-16,64,morning,0,0,0,0,0,0.25
16,Word,Productivity,Notion,2024-01-16 10:04:00,10,Tuesday,0,35,0:00:35,16.3,313.7,3.0,4.55,0,2024-01-16,0,morning,0,0,0,0,0,0.23529411764705882
28,Notion,Productivity,Word,2024-01-16 10:08:00,10,Tuesday,0,365,0:06:05,4.1,254.6,0.5,3.26,0,2024-01-16,6,morning,0,0,0,0,0,0.25
47,Chrome,Browser,Notion,2024-01-16 10:19:00,10,Tuesday,0,5840,1:37:20,30.1,1036.7,102.3,2.62,0,2024-01-16,97,morning,0,0,1,0,0,0.19607843137254902
25,Excel,Productivity,Chrome,2024-01-16 11:59:00,11,Tuesday,0,1646,0:27:26,28.1,233.0,1.6,4.18,0,2024-01-16,27,morning,0,0,0,0,0,0.1875
7,Notion,Productivity,Excel,2024-01-16 12:30:00,12,Tuesday,0,3107,0:51:47,8.0,321.7,2.5,1.67,0,2024-01-16,51,afternoon,0,0,0,0,0,0.1794871794871795
42,Slack,Communication,Notion,2024-01-16 13:25:00,13,Tuesday,0,6929,1:55:29,4.6,314.1,102.0,1.79,0,2024-01-16,115,afternoon,0,0,0,0,0,0.17647058823529413
21,Chrome,Browser,Slack,2024-01-16 15:22:00,15,Tuesday,0,592,0:09:52,32.0,884.5,61.9,2.79,0,2024-01-16,9,afternoon,0,0,1,0,0,0.20408163265306123
41,File Explorer,System,Chrome,2024-01-16 15:33:00,15,Tuesday,0,1148,0:19:08,4.8,47.7,3.3,0.61,0,2024-01-16,19,afternoon,0,0,0,0,0,0.0125
16,VS Code,Development,File Explorer,2024-01-16 15:55:00,15,Tuesday,0,6041,1:40:41,21.8,310.1,1.2,0.57,0,2024-01-16,100,afternoon,0,0,0,0,0,0.5714285714285714
13,Slack,Communication,VS Code,2024-01-16 17:37:00,17,Tuesday,0,1073,0:17:53,7.9,337.9,43.1,3.45,0,2024-01-16,17,afternoon,0,0,0,0,0,0.14035087719298245
49,Notion,Productivity,Slack,2024-01-16 17:58:00,17,Tuesday,0,3371,0:56:11,8.2,344.4,2.4,3.19,0,2024-01-16,56,afternoon,0,0,0,0,0,0.22448979591836735
9,Word,Productivity,Notion,2024-01-16 18:59:00,18,Tuesday,0,292,0:04:52,11.6,240.2,2.1,0.64,0,2024-01-16,4,evening,0,0,0,0,0,0.23529411764705882
44,Notion,Productivity,Word,2024-01-16 19:07:00,19,Tuesday,0,5250,1:27:30,4.6,304.3,3.3,0.99,0,2024-01-16,87,evening,0,0,0,0,0,0.25
25,Notion,Productivity,Notion,2024-01-16 20:35:00,20,Tuesday,0,238,0:03:58,3.2,344.2,3.6,2.13,0,2024-01-16,3,evening,0,0,0,0,0,0.0392156862745098
9,Excel,Productivity,Notion,2024-01-16 20:44:00,20,Tuesday,0,4515,1:15:15,26.1,280.2,1.7,4.14,0,2024-01-16,75,evening,0,0,0,0,0,0.0196078431372549
31,Chrome,Browser,Excel,2024-01-16 22:01:00,22,Tuesday,0,4567,1:16:07,28.6,1090.7,19.2,4.6,0,2024-01-16,76,evening,0,0,1,0,0,0.23076923076923078
16,Slack,Communication,Chrome,2024-01-16 23:17:00,23,Tuesday,0,3459,0:57:39,10.3,319.1,75.2,3.13,0,2024-01-16,57,evening,0,0,0,0,0,0.1375
5,Chrome,Browser,Slack,2024-01-17 00:16:00,0,Wednesday,0,5055,1:24:15,20.9,1045.3,86.9,0.76,0,2024-01-17,84,night,0,0,1,0,0,0.20408163265306123
20,Discord,Communication,Chrome,2024-01-17 01:44:00,1,Wednesday,0,952,0:15:52,4.0,287.3,136.4,0.23,0,2024-01-17,15,night,0,0,0,1,0,0.1875
32,Steam,Entertainment,Discord,2024-01-17 02:03:00,2,Wednesday,0,6124,1:42:04,18.2,379.8,129.4,2.5,0,2024-01-17,102,night,0,0,0,1,0,0.12
37,Zoom,Communication,Steam,2024-01-17 03:46:00,3,Wednesday,0,6012,1:40:12,32.3,401.0,8.1,3.89,0,2024-01-17,100,night,0,0,0,0,0,0.08333333333333333
41,Chrome,Browser,Zoom,2024-01-17 05:29:00,5,Wednesday,0,6125,1:42:05,34.1,1133.1,118.7,0.45,0,2024-01-17,102,night,0,0,1,0,0,0.16666666666666666
22,VS Code,Development,Chrome,2024-01-17 07:14:00,7,Wednesday,0,4355,1:12:35,8.4,248.5,2.6,3.9,0,2024-01-17,72,morning,0,0,0,0,0,0.15
37,Postman,Development,VS Code,2024-01-17 08:30:00,8,Wednesday,0,2979,0:49:39,9.9,152.3,0.3,0.16,0,2024-01-17,49,morning,0,0,0,0,0,0.22807017543859648
7,VS Code,Development,Postman,2024-01-17 09:23:00,9,Wednesday,0,1592,0:26:32,17.9,414.4,3.8,2.27,0,2024-01-17,26,morning,0,0,0,0,0,0.22580645161290322
40,Chrome,Browser,VS Code,2024-01-17 09:54:00,9,Wednesday,0,2337,0:38:57,32.5,857.1,108.9,3.48,0,2024-01-17,38,morning,0,0,0,0,0,0.08771929824561403
3,Notion,Productivity,Chrome,2024-01-17 10:34:00,10,Wednesday,0,5073,1:24:33,10.6,274.9,2.7,1.02,0,2024-01-17,84,morning,0,0,0,0,0,0.175
8,Slack,Communication,Notion,2024-01-17 12:03:00,12,Wednesday,0,891,0:14:51,10.5,205.1,0.8,2.04,0,2024-01-17,14,afternoon,0,0,0,0,0,0.17647058823529413
2,Notion,Productivity,Slack,2024-01-17 12:19:00,12,Wednesday,0,6237,1:43:57,4.6,292.5,1.0,2.44,0,2024-01-17,103,afternoon,0,0,0,0,0,0.22448979591836735
36,Word,Productivity,Notion,2024-01-17 14:06:00,14,Wednesday,0,4735,1:18:55,7.9,308.1,4.1,0.18,0,2024-01-17,78,afternoon,0,0,0,0,0,0.23529411764705882
44,Excel,Productivity,Word,2024-01-17 15:26:00,15,Wednesday,0,4422,1:13:42,11.3,166.2,5.0,1.69,0,2024-01-17,73,afternoon,0,0,0,0,0,0.2777777777777778
19,Slack,Communication,Excel,2024-01-17 16:43:00,16,Wednesday,0,797,0:13:17,3.9,283.9,51.0,2.04,0,2024-01-17,13,afternoon,0,0,0,0,0,0.15384615384615385
13,Slack,Communication,Slack,2024-01-17 17:01:00,17,Wednesday,0,5252,1:27:32,5.8,254.5,25.5,2.69,0,2024-01-17,87,afternoon,0,0,0,0,0,0.02040816326530612
31,Zoom,Communication,Slack,2024-01-17 18:32:00,18,Wednesday,0,1321,0:22:01,54.5,351.6,86.9,3.91,0,2024-01-17,22,evening,0,1,0,0,0,0.14285714285714285
5,Zoom,Communication,Zoom,2024-01-17 18:55:00,18,Wednesday,0,745,0:12:25,16.6,306.0,74.1,1.23,0,2024-01-17,12,evening,0,0,0,0,0,0.08333333333333333
12,Notion,Productivity,Zoom,2024-01-17 19:11:00,19,Wednesday,0,460,0:07:40,9.2,303.0,2.9,2.49,0,2024-01-17,7,evening,0,0,0,0,0,0.25
2,Slack,Communication,Notion,2024-01-17 19:22:00,19,Wednesday,0,2100,0:35:00,3.9,334.9,51.6,2.78,0,2024-01-17,35,evening,0,0,0,0,0,0.17647058823529413
22,Task Manager,System,Slack,2024-01-17 19:58:00,19,Wednesday,0,3524,0:58:44,1.5,35.2,3.4,0.91,0,2024-01-17,58,evening,0,0,0,0,0,0.02040816326530612
24,Chrome,Browser,Task Manager,2024-01-17 21:00:00,21,Wednesday,0,6656,1:50:56,33.7,1183.1,67.0,3.64,0,2024-01-17,110,evening,0,0,1,0,0,0.6
30,Discord,Communication,Chrome,2024-01-17 22:53:00,22,Wednesday,0,5628,1:33:48,2.6,214.8,46.6,1.51,0,2024-01-17,93,evening,0,0,0,0,0,0.1875
41,Spotify,Entertainment,Discord,2024-01-18 00:30:00,0,Thursday,0,3765,1:02:45,7.9,120.3,56.4,4.02,0,2024-01-18,62,night,0,0,0,0,0,0.24
44,Figma,Design,Spotify,2024-01-18 01:34:00,1,Thursday,0,3916,1:05:16,37.0,605.1,3.5,2.37,0,2024-01-18,65,night,0,0,0,0,0,0.09090909090909091
17,VLC,Entertainment,Figma,2024-01-18 02:43:00,2,Thursday,0,4729,1:18:49,14.6,115.3,2.6,4.41,0,2024-01-18,78,night,0,0,0,0,0,0.08333333333333333
5,Discord,Communication,VLC,2024-01-18 04:06:00,4,Thursday,0,5432,1:30:32,7.7,191.3,145.7,2.92,0,2024-01-18,90,night,0,0,0,1,0,0.16666666666666666
17,Zoom,Communication,Discord,2024-01-18 05:41:00,5,Thursday,0,6955,1:55:55,16.2,331.5,3.4,2.8,0,2024-01-18,115,night,0,0,0,0,0,0.04
39,Notion,Productivity,Zoom,2024-01-18 07:42:00,7,Thursday,0,3407,0:56:47,3.1,346.5,0.5,3.37,0,2024-01-18,56,morning,0,0,0,0,0,0.25
29,Slack,Communication,Notion,2024-01-18 08:40:00,8,Thursday,0,6681,1:51:21,6.1,263.1,113.1,4.63,0,2024-01-18,111,morning,0,0,0,0,0,0.17647058823529413
31,File Explorer,System,Slack,2024-01-18 10:36:00,10,Thursday,0,5420,1:30:20,1.4,78.2,1.3,3.67,0,2024-01-18,90,morning,0,0,0,0,0,0.04081632653061224
50,PyCharm,Development,File Explorer,2024-01-18 12:08:00,12,Thursday,0,5598,1:33:18,12.8,452.1,1.7,4.58,0,2024-01-18,93,afternoon,0,0,0,0,0,0.2857142857142857
10,Postman,Development,PyCharm,2024-01-18 13:42:00,13,Thursday,0,1997,0:33:17,9.0,206.3,4.9,3.08,0,2024-01-18,33,afternoon,0,0,0,0,0,0.38461538461538464
27,Task Manager,System,Postman,2024-01-18 14:19:00,14,Thursday,0,675,0:11:15,3.0,35.3,0.4,2.85,0,2024-01-18,11,afternoon,0,0,0,0,0,0.06451612903225806
13,VS Code,Development,Task Manager,2024-01-18 14:31:00,14,Thursday,0,6016,1:40:16,17.1,349.1,1.6,0.61,0,2024-01-18,100,afternoon,0,0,0,0,0,0.2
6,Steam,Entertainment,VS Code,2024-01-18 16:14:00,16,Thursday,0,326,0:05:26,9.5,594.5,27.2,1.1,0,2024-01-18,5,afternoon,0,0,0,0,0,0.05263157894736842
45,Chrome,Browser,Steam,2024-01-18 16:21:00,16,Thursday,0,1790,0:29:50,12.7,670.1,16.8,2.92,0,2024-01-18,29,afternoon,0,0,0,0,0,0.3333333333333333
19,Excel,Productivity,Chrome,2024-01-18 16:55:00,16,Thursday,0,6949,1:55:49,17.6,365.6,4.0,2.02,0,2024-01-18,115,afternoon,0,0,0,0,0,0.1875
10,Word,Productivity,Excel,2024-01-18 18:55:00,18,Thursday,0,640,0:10:40,10.4,255.3,3.9,2.68,0,2024-01-18,10,evening,0,0,0,0,0,0.358974358974359
25,Notion,Productivity,Word,2024-01-18 19:08:00,19,Thursday,0,6242,1:44:02,9.8,302.3,4.7,0.11,0,2024-01-18,104,evening,0,0,0,0,0,0.25
23,Word,Productivity,Notion,2024-01-18 20:54:00,20,Thursday,0,7128,1:58:48,10.3,195.2,1.8,1.47,0,2024-01-18,118,evening,0,0,0,0,0,0.23529411764705882
38,Notion,Productivity,Word,2024-01-18 22:56:00,22,Thursday,0,1367,0:22:47,9.0,182.7,1.4,1.75,0,2024-01-18,22,evening,0,0,0,0,0,0.25
47,VS Code,Development,Notion,2024-01-18 23:21:00,23,Thursday,0,4780,1:19:40,12.9,439.7,1.0,4.52,0,2024-01-18,79,evening,0,0,0,0,0,0.2549019607843137
2,Chrome,Browser,VS Code,2024-01-19 00:45:00,0,Friday,0,2976,0:49:36,30.0,527.9,28.7,0.55,0,2024-01-19,49,night,0,0,0,0,0,0.08771929824561403
11,Discord,Communication,Chrome,2024-01-19 01:39:00,1,Friday,0,2798,0:46:38,6.0,276.9,58.7,0.37,0,2024-01-19,46,night,0,0,0,0,0,0.1875
30,Figma,Design,Discord,2024-01-19 02:29:00,2,Friday,0,799,0:13:19,35.4,590.2,1.8,3.34,0,2024-01-19,13,night,0,0,0,0,0,0.08
43,PyCharm,Development,Figma,2024-01-19 02:44:00,2,Friday,0,6144,1:42:24,30.8,820.8,2.3,0.98,0,2024-01-19,102,night,0,0,0,0,0,0.16666666666666666
15,Chrome,Browser,PyCharm,2024-01-19 04:30:00,4,Friday,0,6339,1:45:39,33.3,1112.3,78.8,3.04,0,2024-01-19,105,night,0,0,1,0,0,0.15384615384615385
23,Slack,Communication,Chrome,2024-01-19 06:16:00,6,Friday,0,4805,1:20:05,8.6,346.9,38.2,3.1,0,2024-01-19,80,morning,0,0,0,0,0,0.1375
11,VS Code,Development,Slack,2024-01-19 07:39:00,7,Friday,0,2593,0:43:13,16.1,235.1,0.2,4.31,0,2024-01-19,43,morning,0,0,0,0,0,0.10204081632653061
43,Chrome,Browser,VS Code,2024-01-19 08:26:00,8,Friday,0,3120,0:52:00,15.9,811.4,99.5,3.52,0,2024-01-19,52,morning,0,0,0,0,0,0.08771929824561403
28,Notion,Productivity,Chrome,2024-01-19 09:19:00,9,Friday,0,2209,0:36:49,7.6,209.9,2.7,4.93,0,2024-01-19,36,morning,0,0,0,0,0,0.175
28,Word,Productivity,Notion,2024-01-19 09:59:00,9,Friday,0,2217,0:36:57,9.9,157.0,1.4,4.69,0,2024-01-19,36,morning,0,0,0,0,0,0.23529411764705882
11,Excel,Productivity,Word,2024-01-19 10:38:00,10,Friday,0,6215,1:43:35,7.1,182.3,2.5,1.33,0,2024-01-19,103,morning,0,0,0,0,0,0.2777777777777778
24,Word,Productivity,Excel,2024-01-19 12:25:00,12,Friday,0,4134,1:08:54,7.7,187.5,0.5,0.29,0,2024-01-19,68,afternoon,0,0,0,0,0,0.358974358974359
38,Slack,Communication,Word,2024-01-19 13:35:00,13,Friday,0,1352,0:22:32,3.6,236.5,120.5,4.97,0,2024-01-19,22,afternoon,0,0,0,0,0,0.1388888888888889
48,Chrome,Browser,Slack,2024-01-19 13:59:00,13,Friday,0,4302,1:11:42,11.6,974.2,31.5,4.2,0,2024-01-19,71,afternoon,0,0,1,0,0,0.20408163265306123
18,Discord,Communication,Chrome,2024-01-19 15:11:00,15,Friday,0,4942,1:22:22,6.4,254.2,142.8,3.31,0,2024-01-19,82,afternoon,0,0,0,1,0,0.1875
15,Spotify,Entertainment,Discord,2024-01-19 16:37:00,16,Friday,0,4866,1:21:06,1.3,147.0,117.3,0.73,0,2024-01-19,81,afternoon,0,0,0,0,0,0.24
13,Discord,Communication,Spotify,2024-01-19 17:59:00,17,Friday,0,5322,1:28:42,5.6,187.4,101.6,3.53,0,2024-01-19,88,afternoon,0,0,0,0,0,0.18181818181818182
47,Chrome,Browser,Discord,2024-01-19 19:30:00,19,Friday,0,5655,1:34:15,30.3,1016.5,131.2,4.34,0,2024-01-19,94,evening,0,0,1,1,0,0.16
8,Excel,Productivity,Chrome,2024-01-19 21:08:00,21,Friday,0,5871,1:37:51,7.0,369.8,2.5,0.73,0,2024-01-19,97,evening,0,0,0,0,0,0.1875
33,Slack,Communication,Excel,2024-01-19 22:50:00,22,Friday,0,6017,1:40:17,6.6,218.3,58.8,0.27,0,2024-01-19,100,evening,0,0,0,0,0,0.15384615384615385
6,Chrome,Browser,Slack,2024-01-20 00:33:00,0,Saturday,1,5672,1:34:32,19.5,764.6,121.7,0.44,0,2024-01-20,94,night,0,0,0,0,0,0.20408163265306123
20,Discord,Communication,Chrome,2024-01-20 02:09:00,2,Saturday,1,6315,1:45:15,9.0,189.0,13.2,4.27,0,2024-01-20,105,night,0,0,0,0,0,0.1875
21,VS Code,Development,Discord,2024-01-20 03:57:00,3,Saturday,1,7077,1:57:57,24.5,265.6,3.7,0.13,0,2024-01-20,117,night,0,0,0,0,0,0.24
26,Postman,Development,VS Code,2024-01-20 05:57:00,5,Saturday,1,405,0:06:45,11.3,150.3,1.5,3.82,0,2024-01-20,6,night,0,0,0,0,0,0.22807017543859648
1,VS Code,Development,Postman,2024-01-20 06:07:00,6,Saturday,1,1263,0:21:03,22.2,378.0,4.6,3.55,0,2024-01-20,21,morning,0,0,0,0,0,0.22580645161290322
47,Postman,Development,VS Code,2024-01-20 06:31:00,6,Saturday,1,6728,1:52:08,4.0,238.4,0.5,3.9,0,2024-01-20,112,morning,0,0,0,0,0,0.22807017543859648
36,VS Code,Development,Postman,2024-01-20 08:23:00,8,Saturday,1,4718,1:18:38,16.1,220.9,0.5,3.55,0,2024-01-20,78,morning,0,0,0,0,0,0.22580645161290322
12,PyCharm,Development,VS Code,2024-01-20 09:43:00,9,Saturday,1,2632,0:43:52,20.4,424.3,2.1,2.02,0,2024-01-20,43,morning,0,0,0,0,0,0.14035087719298245
35,Postman,Development,PyCharm,2024-01-20 10:32:00,10,Saturday,1,6932,1:55:32,6.0,227.5,2.3,1.44,0,2024-01-20,115,morning,0,0,0,0,0,0.38461538461538464
7,VS Code,Development,Postman,2024-01-20 12:28:00,12,Saturday,1,2691,0:44:51,13.9,434.8,3.7,4.79,0,2024-01-20,44,afternoon,0,0,0,0,0,0.22580645161290322
37,Terminal,Development,VS Code,2024-01-20 13:18:00,13,Saturday,1,4487,1:14:47,27.9,105.2,0.7,1.96,0,2024-01-20,74,afternoon,0,0,0,0,0,0.14035087719298245
10,Excel,Productivity,Terminal,2024-01-20 14:36:00,14,Saturday,1,1971,0:32:51,23.1,131.7,2.9,3.23,0,2024-01-20,32,afternoon,0,0,0,0,0,0.04
28,Slack,Communication,Excel,2024-01-20 15:09:00,15,Saturday,1,327,0:05:27,5.9,206.8,45.4,0.85,0,2024-01-20,5,afternoon,0,0,0,0,0,0.15384615384615385
45,Zoom,Communication,Slack,2024-01-20 15:19:00,15,Saturday,1,5164,1:26:04,40.7,492.2,100.8,2.87,0,2024-01-20,86,afternoon,0,1,0,0,0,0.14285714285714285
34,Word,Productivity,Zoom,2024-01-20 16:46:00,16,Saturday,1,6281,1:44:41,11.8,251.5,4.4,0.11,0,2024-01-20,104,afternoon,0,0,0,0,0,0.4166666666666667
12,Excel,Productivity,Word,2024-01-20 18:32:00,18,Saturday,1,1325,0:22:05,23.7,200.7,1.9,0.22,0,2024-01-20,22,evening,0,0,0,0,0,0.2777777777777778
30,Word,Productivity,Excel,2024-01-20 18:54:00,18,Saturday,1,2899,0:48:19,8.0,263.9,3.8,2.03,0,2024-01-20,48,evening,0,0,0,0,0,0.358974358974359
42,VS Code,Development,Word,2024-01-20 19:47:00,19,Saturday,1,4823,1:20:23,5.5,258.4,2.1,4.14,0,2024-01-20,80,evening,0,0,0,0,0,0.027777777777777776
49,VS Code,Development,VS Code,2024-01-20 21:09:00,21,Saturday,1,4911,1:21:51,18.3,435.8,0.6,4.84,0,2024-01-20,81,evening,0,0,0,0,0,0.03508771929824561
29,OBS Studio,Entertainment,VS Code,2024-01-20 22:36:00,22,Saturday,1,4206,1:10:06,62.9,892.5,2.6,2.79,1,2024-01-20,70,evening,0,1,1,0,0,0.017543859649122806
17,Discord,Communication,OBS Studio,2024-01-20 23:51:00,23,Saturday,1,879,0:14:39,9.9,175.3,144.5,1.31,0,2024-01-20,14,evening,0,0,0,1,0,0.14285714285714285
48,Chrome,Browser,Discord,2024-01-21 00:10:00,0,Sunday,1,4402,1:13:22,9.0,957.2,117.1,0.13,0,2024-01-21,73,night,0,0,1,0,0,0.16
33,VS Code,Development,Chrome,2024-01-21 01:23:00,1,Sunday,1,1132,0:18:52,8.2,431.4,1.1,0.31,0,2024-01-21,18,night,0,0,0,0,0,0.15
46,Excel,Productivity,VS Code,2024-01-21 01:47:00,1,Sunday,1,6473,1:47:53,14.8,307.3,2.0,3.04,0,2024-01-21,107,night,0,0,0,0,0,0.03508771929824561
3,Chrome,Browser,Excel,2024-01-21 03:36:00,3,Sunday,1,3213,0:53:33,30.9,665.1,50.0,2.41,0,2024-01-21,53,night,0,0,0,0,0,0.23076923076923078
46,Word,Productivity,Chrome,2024-01-21 04:31:00,4,Sunday,1,402,0:06:42,5.4,126.6,1.5,2.04,0,2024-01-21,6,night,0,0,0,0,0,0.0125
21,Discord,Communication,Word,2024-01-21 04:39:00,4,Sunday,1,3755,1:02:35,5.8,222.3,69.1,3.48,0,2024-01-21,62,night,0,0,0,0,0,0.027777777777777776
19,Steam,Entertainment,Discord,2024-01-21 05:45:00,5,Sunday,1,5474,1:31:14,4.0,382.1,137.4,1.97,0,2024-01-21,91,night,0,0,0,1,0,0.12
5,Chrome,Browser,Steam,2024-01-21 07:17:00,7,Sunday,1,6162,1:42:42,34.7,488.1,56.8,0.37,0,2024-01-21,102,morning,0,0,0,0,0,0.3333333333333333
2,VS Code,Development,Chrome,2024-01-21 09:04:00,9,Sunday,1,1184,0:19:44,14.8,421.8,4.4,4.46,0,2024-01-21,19,morning,0,0,0,0,0,0.15
17,VS Code,Development,VS Code,2024-01-21 09:25:00,9,Sunday,1,2549,0:42:29,17.1,343.6,0.3,3.27,0,2024-01-21,42,morning,0,0,0,0,0,0.03508771929824561
38,Word,Productivity,VS Code,2024-01-21 10:12:00,10,Sunday,1,344,0:05:44,11.1,289.4,1.4,3.15,0,2024-01-21,5,morning,0,0,0,0,0,0.017543859649122806
41,Slack,Communication,Word,2024-01-21 10:19:00,10,Sunday,1,3776,1:02:56,4.2,214.6,143.8,1.56,0,2024-01-21,62,morning,0,0,0,1,0,0.1388888888888889
1,Excel,Productivity,Slack,2024-01-21 11:25:00,11,Sunday,1,106,0:01:46,23.5,186.2,4.7,1.54,0,2024-01-21,1,morning,0,0,0,0,0,0.14285714285714285
28,PyCharm,Development,Excel,2024-01-21 11:27:00,11,Sunday,1,1669,0:27:49,10.2,548.2,2.2,2.98,0,2024-01-21,27,morning,0,0,0,0,0,0.02564102564102564
31,Terminal,Development,PyCharm,2024-01-21 11:57:00,11,Sunday,1,5306,1:28:26,8.4,119.4,4.5,3.28,0,2024-01-21,88,morning,0,0,0,0,0,0.15384615384615385
25,Slack,Communication,Terminal,2024-01-21 13:29:00,13,Sunday,1,7024,1:57:04,6.5,305.5,34.5,3.13,0,2024-01-21,117,afternoon,0,0,0,0,0,0.04
41,Steam,Entertainment,Slack,2024-01-21 15:30:00,15,Sunday,1,5367,1:29:27,5.3,471.0,105.6,1.13,0,2024-01-21,89,afternoon,0,0,0,0,0,0.02040816326530612
2,Terminal,Development,Steam,2024-01-21 17:02:00,17,Sunday,1,6428,1:47:08,39.9,84.7,3.9,2.93,0,2024-01-21,107,afternoon,0,0,0,0,0,0.08333333333333333
17,Figma,Design,Terminal,2024-01-21 18:54:00,18,Sunday,1,3283,0:54:43,15.8,635.6,0.9,0.62,0,2024-01-21,54,evening,0,0,0,0,0,0.04
6,Slack,Communication,Figma,2024-01-21 19:49:00,19,Sunday,1,640,0:10:40,6.6,270.7,69.1,4.48,0,2024-01-21,10,evening,0,0,0,0,0,0.3333333333333333
19,Zoom,Communication,Slack,2024-01-21 20:01:00,20,Sunday,1,6796,1:53:16,44.0,385.0,50.3,1.96,0,2024-01-21,113,evening,0,1,0,0,0,0.14285714285714285
21,Word,Productivity,Zoom,2024-01-21 21:55:00,21,Sunday,1,212,0:03:32,16.9,212.8,1.8,1.99,0,2024-01-21,3,evening,0,0,0,0,0,0.4166666666666667
5,Chrome,Browser,Word,2024-01-21 22:02:00,22,Sunday,1,4303,1:11:43,15.5,899.1,86.6,1.9,0,2024-01-21,71,evening,0,0,1,0,0,0.1388888888888889
44,Notion,Productivity,Chrome,2024-01-21 23:19:00,23,Sunday,1,7012,1:56:52,5.9,330.7,0.7,4.68,0,2024-01-21,116,evening,0,0,0,0,0,0.175
2,VS Code,Development,Notion,2024-01-22 01:19:00,1,Monday,0,173,0:02:53,5.3,370.2,4.7,0.21,0,2024-01-22,2,night,0,0,0,0,0,0.2549019607843137
5,PyCharm,Development,VS Code,2024-01-22 01:25:00,1,Monday,0,6052,1:40:52,18.3,818.2,0.2,1.23,0,2024-01-22,100,night,0,0,0,0,0,0.14035087719298245
34,Terminal,Development,PyCharm,2024-01-22 03:07:00,3,Monday,0,4909,1:21:49,37.9,98.5,2.2,1.93,0,2024-01-22,81,night,0,0,0,0,0,0.15384615384615385
30,PyCharm,Development,Terminal,2024-01-22 04:31:00,4,Monday,0,4726,1:18:46,34.8,736.8,3.9,2.88,0,2024-01-22,78,night,0,0,0,0,0,0.32
13,Postman,Development,PyCharm,2024-01-22 05:53:00,5,Monday,0,6334,1:45:34,9.5,168.3,3.8,2.36,0,2024-01-22,105,night,0,0,0,0,0,0.38461538461538464
5,Terminal,Development,Postman,2024-01-22 07:41:00,7,Monday,0,6682,1:51:22,32.2,34.5,3.6,4.83,0,2024-01-22,111,morning,0,0,0,0,0,0.2903225806451613
7,Postman,Development,Terminal,2024-01-22 09:35:00,9,Monday,0,2597,0:43:17,9.3,168.5,2.2,3.36,0,2024-01-22,43,morning,0,0,0,0,0,0.24
12,Chrome,Browser,Postman,2024-01-22 10:20:00,10,Monday,0,3708,1:01:48,11.8,1195.4,1.0,0.53,0,2024-01-22,61,morning,0,0,1,0,0,0.22580645161290322
7,Steam,Entertainment,Chrome,2024-01-22 11:26:00,11,Monday,0,6560,1:49:20,10.5,206.4,81.5,2.84,0,2024-01-22,109,morning,0,0,0,0,0,0.0125
32,OBS Studio,Entertainment,Steam,2024-01-22 13:16:00,13,Monday,0,368,0:06:08,32.0,891.5,3.5,3.43,0,2024-01-22,6,afternoon,0,0,1,0,0,0.25
45,Steam,Entertainment,OBS Studio,2024-01-22 13:25:00,13,Monday,0,1877,0:31:17,8.4,462.4,14.9,2.7,0,2024-01-22,31,afternoon,0,0,0,0,0,0.42857142857142855
35,Photoshop,Design,Steam,2024-01-22 14:01:00,14,Monday,0,3814,1:03:34,57.4,1381.9,3.1,4.24,0,2024-01-22,63,afternoon,0,1,1,0,0,0.08333333333333333
23,Figma,Design,Photoshop,2024-01-22 15:05:00,15,Monday,0,6752,1:52:32,17.5,390.7,1.2,2.04,0,2024-01-22,112,afternoon,0,0,0,0,0,0.2
2,Photoshop,Design,Figma,2024-01-22 16:59:00,16,Monday,0,4871,1:21:11,59.7,1207.3,3.1,2.45,1,2024-01-22,81,afternoon,0,1,1,0,0,0.16666666666666666
21,Chrome,Browser,Photoshop,2024-01-22 18:24:00,18,Monday,0,4346,1:12:26,32.6,526.2,46.3,1.27,0,2024-01-22,72,evening,0,0,0,0,0,0.8
46,Discord,Communication,Chrome,2024-01-22 19:40:00,19,Monday,0,347,0:05:47,7.5,226.6,83.2,2.57,0,2024-01-22,5,evening,0,0,0,0,0,0.1875
12,Chrome,Browser,Discord,2024-01-22 19:47:00,19,Monday,0,1122,0:18:42,27.1,918.4,23.0,2.72,0,2024-01-22,18,evening,0,0,1,0,0,0.16
32,Terminal,Development,Chrome,2024-01-22 20:10:00,20,Monday,0,4613,1:16:53,8.6,34.6,1.7,1.85,0,2024-01-22,76,evening,0,0,0,0,0,0.025
4,VS Code,Development,Terminal,2024-01-22 21:29:00,21,Monday,0,3799,1:03:19,6.3,364.8,2.0,1.83,0,2024-01-22,63,evening,0,0,0,0,0,0.08
10,Postman,Development,VS Code,2024-01-22 22:33:00,22,Monday,0,69,0:01:09,12.0,174.7,0.6,0.87,0,2024-01-22,1,evening,0,0,0,0,0,0.22807017543859648
3,VS Code,Development,Postman,2024-01-22 22:36:00,22,Monday,0,4640,1:17:20,14.1,324.4,3.6,1.19,0,2024-01-22,77,evening,0,0,0,0,0,0.22580645161290322
6,Postman,Development,VS Code,2024-01-22 23:56:00,23,Monday,0,1944,0:32:24,10.7,157.8,2.8,1.53,0,2024-01-22,32,evening,0,0,0,0,0,0.22807017543859648
33,Terminal,Development,Postman,2024-01-23 00:33:00,0,Tuesday,0,3478,0:57:58,37.3,51.8,3.2,2.7,0,2024-01-23,57,night,0,0,0,0,0,0.2903225806451613
28,PyCharm,Development,Terminal,2024-01-23 01:32:00,1,Tuesday,0,6430,1:47:10,15.7,648.8,4.9,2.07,0,2024-01-23,107,night,0,0,0,0,0,0.32
50,Postman,Development,PyCharm,2024-01-23 03:21:00,3,Tuesday,0,5500,1:31:40,4.0,228.0,4.7,4.3,0,2024-01-23,91,night,0,0,0,0,0,0.38461538461538464
47,Chrome,Browser,Postman,2024-01-23 04:56:00,4,Tuesday,0,2194,0:36:34,19.8,1190.4,132.1,0.65,0,2024-01-23,36,night,0,0,1,1,0,0.22580645161290322
23,VS Code,Development,Chrome,2024-01-23 05:35:00,5,Tuesday,0,4391,1:13:11,22.2,387.6,2.8,1.29,0,2024-01-23,73,night,0,0,0,0,0,0.15
